instr address,(r)ead/(w)rite,data size,data address
0x155555119de3,w,8,0x7fffffffcba8
0x15555511aab4,w,8,0x7fffffffcba0
0x15555511aab8,w,8,0x7fffffffcb98
0x15555511aaba,w,8,0x7fffffffcb90
0x15555511aabc,w,8,0x7fffffffcb88
0x15555511aabe,w,8,0x7fffffffcb80
0x15555511aac3,w,8,0x7fffffffcb78
0x15555511aad8,w,8,0x15555532ab40
0x15555511aadf,r,8,0x15555532ae30
0x15555511aae9,r,8,0x15555532afc0
0x15555511aaf0,w,8,0x15555532ba60
0x15555511aaf7,w,8,0x15555532ba50
0x15555511ab5b,w,8,0x15555532bb00
0x15555511ab63,r,8,0x15555532ae40
0x15555511ab5b,w,8,0x15555532bab0
0x15555511ab63,r,8,0x15555532ae50
0x15555511aec3,w,8,0x15555532bcf0
0x15555511ab63,r,8,0x15555532ae60
0x15555511ab5b,w,8,0x15555532bab8
0x15555511ab63,r,8,0x15555532ae70
0x15555511ab5b,w,8,0x15555532bac0
0x15555511ab63,r,8,0x15555532ae80
0x15555511ab5b,w,8,0x15555532bae0
0x15555511ab63,r,8,0x15555532ae90
0x15555511ab5b,w,8,0x15555532bae8
0x15555511ab63,r,8,0x15555532aea0
0x15555511ab5b,w,8,0x15555532baa8
0x15555511ab63,r,8,0x15555532aeb0
0x15555511ab5b,w,8,0x15555532baa0
0x15555511ab63,r,8,0x15555532aec0
0x15555511ab5b,w,8,0x15555532bb30
0x15555511ab63,r,8,0x15555532aed0
0x15555511ab5b,w,8,0x15555532bb48
0x15555511ab63,r,8,0x15555532aee0
0x15555511ab5b,w,8,0x15555532bac8
0x15555511ab63,r,8,0x15555532aef0
0x15555511ab5b,w,8,0x15555532bad0
0x15555511ab63,r,8,0x15555532af00
0x15555511ab5b,w,8,0x15555532bad8
0x15555511ab63,r,8,0x15555532af10
0x15555511ab5b,w,8,0x15555532bbc0
0x15555511ab63,r,8,0x15555532af20
0x15555511ab5b,w,8,0x15555532bbb8
0x15555511ab63,r,8,0x15555532af30
0x15555511ab5b,w,8,0x15555532bb50
0x15555511ab63,r,8,0x15555532af40
0x15555511ab5b,w,8,0x15555532bbc8
0x15555511ab63,r,8,0x15555532af50
0x15555511ab5b,w,8,0x15555532bc20
0x15555511ab63,r,8,0x15555532af60
0x15555511ab5b,w,8,0x15555532bbd8
0x15555511ab63,r,8,0x15555532af70
0x15555511aba9,r,8,0x15555532bab0
0x15555511abb5,r,8,0x15555532ae48
0x15555511abb5,w,8,0x15555532ae48
0x15555511abb9,r,8,0x15555532baa8
0x15555511abc5,r,8,0x15555532aea8
0x15555511abc5,w,8,0x15555532aea8
0x15555511abc9,r,8,0x15555532bab8
0x15555511abd5,r,8,0x15555532ae68
0x15555511abd5,w,8,0x15555532ae68
0x15555511abd9,r,8,0x15555532bac0
0x15555511abe5,r,8,0x15555532ae78
0x15555511abe5,w,8,0x15555532ae78
0x15555511abe9,r,8,0x15555532bac8
0x15555511abf5,r,8,0x15555532aee8
0x15555511abf5,w,8,0x15555532aee8
0x15555511abf9,r,8,0x15555532bb48
0x15555511ac05,r,8,0x15555532aed8
0x15555511ac05,w,8,0x15555532aed8
0x15555511ac09,r,8,0x15555532bc20
0x15555511ac15,r,8,0x15555532af58
0x15555511ac15,w,8,0x15555532af58
0x15555511ac19,r,8,0x15555532bcf0
0x15555511ac25,r,8,0x15555532ae58
0x15555511ac25,w,8,0x15555532ae58
0x15555511ac29,r,8,0x15555532bb30
0x15555511ac35,r,8,0x15555532aec8
0x15555511ac40,r,8,0x15555532bac8
0x15555511ac4c,r,8,0x15555532bad8
0x15555511ac53,r,8,0x15555532af08
0x15555511ac5e,r,8,0x15555532bbc8
0x15555511ac6a,r,8,0x15555532af48
0x15555511ac78,r,8,0x15555532bb80
0x15555511ac92,r,8,0x15555532bb78
0x15555511aca0,r,8,0x15555532bb08
0x15555511ad89,r,8,0x15555532aee8
0x15555511ad8d,r,8,0x15555532bad0
0x15555511ad94,r,8,0x15555532bbd8
0x15555511ad9b,r,8,0x15555532aef8
0x15555511adae,r,8,0x15555532af68
0x15555511adbf,r,8,0x15555532baa0
0x15555511adc6,r,8,0x15555532bb48
0x15555511add0,r,8,0x15555532aeb8
0x15555511add4,r,8,0x15555532aed8
0x15555511ade5,r,8,0x15555532bac0
0x15555511adec,r,8,0x15555532ae78
0x15555511adf8,r,8,0x1555550fbaa8
0x15555511adfe,r,4,0x1555550fbab0
0x15555511ae08,r,8,0x1555550fbab8
0x15555511ae13,w,8,0x15555532a380
0x15555511adf8,r,8,0x1555550fbac0
0x15555511adfe,r,4,0x1555550fbac8
0x15555511ae08,r,8,0x1555550fbad0
0x15555511ae13,w,8,0x15555532a3b8
0x15555511adf8,r,8,0x1555550fbad8
0x15555511adfe,r,4,0x1555550fbae0
0x15555511ae08,r,8,0x1555550fbae8
0x15555511ae13,w,8,0x15555532a3f0
0x15555511adf8,r,8,0x1555550fbaf0
0x15555511adfe,r,4,0x1555550fbaf8
0x15555511ae08,r,8,0x1555550fbb00
0x15555511ae13,w,8,0x15555532a420
0x15555511adf8,r,8,0x1555550fbb08
0x15555511adfe,r,4,0x1555550fbb10
0x15555511ae08,r,8,0x1555550fbb18
0x15555511ae13,w,8,0x15555532a428
0x15555511adf8,r,8,0x1555550fbb20
0x15555511adfe,r,4,0x1555550fbb28
0x15555511ae08,r,8,0x1555550fbb30
0x15555511ae13,w,8,0x15555532a458
0x15555511adf8,r,8,0x1555550fbb38
0x15555511adfe,r,4,0x1555550fbb40
0x15555511ae08,r,8,0x1555550fbb48
0x15555511ae13,w,8,0x15555532a460
0x15555511adf8,r,8,0x1555550fbb50
0x15555511adfe,r,4,0x1555550fbb58
0x15555511ae08,r,8,0x1555550fbb60
0x15555511ae13,w,8,0x15555532a498
0x15555511adf8,r,8,0x1555550fbb68
0x15555511adfe,r,4,0x1555550fbb70
0x15555511ae08,r,8,0x1555550fbb78
0x15555511ae13,w,8,0x15555532a4d0
0x15555511adf8,r,8,0x1555550fbb80
0x15555511adfe,r,4,0x1555550fbb88
0x15555511ae08,r,8,0x1555550fbb90
0x15555511ae13,w,8,0x15555532a508
0x15555511adf8,r,8,0x1555550fbb98
0x15555511adfe,r,4,0x1555550fbba0
0x15555511ae08,r,8,0x1555550fbba8
0x15555511ae13,w,8,0x15555532a540
0x15555511adf8,r,8,0x1555550fbbb0
0x15555511adfe,r,4,0x1555550fbbb8
0x15555511ae08,r,8,0x1555550fbbc0
0x15555511ae13,w,8,0x15555532a578
0x15555511adf8,r,8,0x1555550fbbc8
0x15555511adfe,r,4,0x1555550fbbd0
0x15555511ae08,r,8,0x1555550fbbd8
0x15555511ae13,w,8,0x15555532a5b0
0x15555511adf8,r,8,0x1555550fbbe0
0x15555511adfe,r,4,0x1555550fbbe8
0x15555511ae08,r,8,0x1555550fbbf0
0x15555511ae13,w,8,0x15555532a5e0
0x15555511adf8,r,8,0x1555550fbbf8
0x15555511adfe,r,4,0x1555550fbc00
0x15555511ae08,r,8,0x1555550fbc08
0x15555511ae13,w,8,0x15555532a5e8
0x15555511adf8,r,8,0x1555550fbc10
0x15555511adfe,r,4,0x1555550fbc18
0x15555511ae08,r,8,0x1555550fbc20
0x15555511ae13,w,8,0x15555532a620
0x15555511adf8,r,8,0x1555550fbc28
0x15555511adfe,r,4,0x1555550fbc30
0x15555511ae08,r,8,0x1555550fbc38
0x15555511ae13,w,8,0x15555532a658
0x15555511adf8,r,8,0x1555550fbc40
0x15555511adfe,r,4,0x1555550fbc48
0x15555511ae08,r,8,0x1555550fbc50
0x15555511ae13,w,8,0x15555532a690
0x15555511adf8,r,8,0x1555550fbc58
0x15555511adfe,r,4,0x1555550fbc60
0x15555511ae08,r,8,0x1555550fbc68
0x15555511ae13,w,8,0x15555532a6c0
0x15555511adf8,r,8,0x1555550fbc70
0x15555511adfe,r,4,0x1555550fbc78
0x15555511ae08,r,8,0x1555550fbc80
0x15555511ae13,w,8,0x15555532a6c8
0x15555511adf8,r,8,0x1555550fbc88
0x15555511adfe,r,4,0x1555550fbc90
0x15555511ae08,r,8,0x1555550fbc98
0x15555511ae13,w,8,0x15555532a6f8
0x15555511adf8,r,8,0x1555550fbca0
0x15555511adfe,r,4,0x1555550fbca8
0x15555511ae08,r,8,0x1555550fbcb0
0x15555511ae13,w,8,0x15555532a700
0x15555511adf8,r,8,0x1555550fbcb8
0x15555511adfe,r,4,0x1555550fbcc0
0x15555511ae08,r,8,0x1555550fbcc8
0x15555511ae13,w,8,0x15555532a738
0x15555511adf8,r,8,0x1555550fbcd0
0x15555511adfe,r,4,0x1555550fbcd8
0x15555511ae08,r,8,0x1555550fbce0
0x15555511ae13,w,8,0x15555532a770
0x15555511adf8,r,8,0x1555550fbce8
0x15555511adfe,r,4,0x1555550fbcf0
0x15555511ae08,r,8,0x1555550fbcf8
0x15555511ae13,w,8,0x15555532a7a8
0x15555511adf8,r,8,0x1555550fbd00
0x15555511adfe,r,4,0x1555550fbd08
0x15555511ae08,r,8,0x1555550fbd10
0x15555511ae13,w,8,0x15555532a7e0
0x15555511adf8,r,8,0x1555550fbd18
0x15555511adfe,r,4,0x1555550fbd20
0x15555511ae08,r,8,0x1555550fbd28
0x15555511ae13,w,8,0x15555532a818
0x15555511adf8,r,8,0x1555550fbd30
0x15555511adfe,r,4,0x1555550fbd38
0x15555511ae08,r,8,0x1555550fbd40
0x15555511ae13,w,8,0x15555532a848
0x15555511adf8,r,8,0x1555550fbd48
0x15555511adfe,r,4,0x1555550fbd50
0x15555511ae08,r,8,0x1555550fbd58
0x15555511ae13,w,8,0x15555532a850
0x15555511adf8,r,8,0x1555550fbd60
0x15555511adfe,r,4,0x1555550fbd68
0x15555511ae08,r,8,0x1555550fbd70
0x15555511ae13,w,8,0x15555532a880
0x15555511adf8,r,8,0x1555550fbd78
0x15555511adfe,r,4,0x1555550fbd80
0x15555511ae08,r,8,0x1555550fbd88
0x15555511ae13,w,8,0x15555532a888
0x15555511adf8,r,8,0x1555550fbd90
0x15555511adfe,r,4,0x1555550fbd98
0x15555511ae08,r,8,0x1555550fbda0
0x15555511ae13,w,8,0x15555532a8c0
0x15555511adf8,r,8,0x1555550fbda8
0x15555511adfe,r,4,0x1555550fbdb0
0x15555511ae08,r,8,0x1555550fbdb8
0x15555511ae13,w,8,0x15555532a8f8
0x15555511adf8,r,8,0x1555550fbdc0
0x15555511adfe,r,4,0x1555550fbdc8
0x15555511ae08,r,8,0x1555550fbdd0
0x15555511ae13,w,8,0x15555532a928
0x15555511adf8,r,8,0x1555550fbdd8
0x15555511adfe,r,4,0x1555550fbde0
0x15555511ae08,r,8,0x1555550fbde8
0x15555511ae13,w,8,0x15555532a930
0x15555511adf8,r,8,0x1555550fbdf0
0x15555511adfe,r,4,0x1555550fbdf8
0x15555511ae08,r,8,0x1555550fbe00
0x15555511ae13,w,8,0x15555532a968
0x15555511adf8,r,8,0x1555550fbe08
0x15555511adfe,r,4,0x1555550fbe10
0x15555511ae08,r,8,0x1555550fbe18
0x15555511ae13,w,8,0x15555532a9a0
0x15555511adf8,r,8,0x1555550fbe20
0x15555511adfe,r,4,0x1555550fbe28
0x15555511ae08,r,8,0x1555550fbe30
0x15555511ae13,w,8,0x15555532a9d0
0x15555511adf8,r,8,0x1555550fbe38
0x15555511adfe,r,4,0x1555550fbe40
0x15555511ae08,r,8,0x1555550fbe48
0x15555511ae13,w,8,0x15555532a9d8
0x15555511adf8,r,8,0x1555550fbe50
0x15555511adfe,r,4,0x1555550fbe58
0x15555511ae08,r,8,0x1555550fbe60
0x15555511ae13,w,8,0x15555532aa10
0x15555511adf8,r,8,0x1555550fbe68
0x15555511adfe,r,4,0x1555550fbe70
0x15555511ae08,r,8,0x1555550fbe78
0x15555511ae13,w,8,0x15555532aa48
0x15555511adf8,r,8,0x1555550fbe80
0x15555511adfe,r,4,0x1555550fbe88
0x15555511ae08,r,8,0x1555550fbe90
0x15555511ae13,w,8,0x15555532add8
0x15555511adf8,r,8,0x1555550fbe98
0x15555511adfe,r,4,0x1555550fbea0
0x15555511ae08,r,8,0x1555550fbea8
0x15555511ae13,w,8,0x15555532ade0
0x15555511adf8,r,8,0x1555550fbeb0
0x15555511adfe,r,4,0x1555550fbeb8
0x15555511ae08,r,8,0x1555550fbec0
0x15555511ae13,w,8,0x15555532ade8
0x15555511adf8,r,8,0x1555550fbec8
0x15555511adfe,r,4,0x1555550fbed0
0x15555511ae08,r,8,0x1555550fbed8
0x15555511ae13,w,8,0x15555532adf0
0x15555511adf8,r,8,0x1555550fbee0
0x15555511adfe,r,4,0x1555550fbee8
0x15555511ae08,r,8,0x1555550fbef0
0x15555511ae13,w,8,0x15555532adf8
0x15555511adf8,r,8,0x1555550fbef8
0x15555511adfe,r,4,0x1555550fbf00
0x15555511ae08,r,8,0x1555550fbf08
0x15555511ae13,w,8,0x15555532ae00
0x15555511adf8,r,8,0x1555550fbf10
0x15555511adfe,r,4,0x1555550fbf18
0x15555511ae08,r,8,0x1555550fbf20
0x15555511ae13,w,8,0x15555532ae08
0x15555511adf8,r,8,0x1555550fbf28
0x15555511adfe,r,4,0x1555550fbf30
0x15555511ae08,r,8,0x1555550fbf38
0x15555511ae13,w,8,0x15555532ae20
0x15555511adf8,r,8,0x1555550fbf40
0x15555511adfe,r,4,0x1555550fbf48
0x15555511ae08,r,8,0x1555550fbf50
0x15555511ae13,w,8,0x15555532ae28
0x15555511ae1b,r,8,0x15555532bc20
0x15555511ae40,r,8,0x1555550fbf60
0x15555511ae55,r,8,0x1555550fbf58
0x15555511ae6c,r,1,0x1555550fb554
0x15555511ae71,r,2,0x1555550fb556
0x15555511ae76,r,8,0x1555550fb558
0x15555511ae89,r,8,0x15555532ba50
0x15555511aea4,r,4,0x155555121040
0x15555511af20,r,8,0x1555550fbf68
0x15555511af24,w,8,0x15555532aff8
0x15555511ae40,r,8,0x1555550fbf78
0x15555511ae55,r,8,0x1555550fbf70
0x15555511ae6c,r,1,0x1555550fb434
0x15555511ae71,r,2,0x1555550fb436
0x15555511ae76,r,8,0x1555550fb438
0x15555511ae89,r,8,0x15555532ba50
0x15555511ae40,r,8,0x1555550fbf90
0x15555511ae55,r,8,0x1555550fbf88
0x15555511ae6c,r,1,0x1555550fb4c4
0x15555511ae71,r,2,0x1555550fb4c6
0x15555511ae76,r,8,0x1555550fb4c8
0x15555511ae89,r,8,0x15555532ba50
0x15555511aea4,r,4,0x155555121044
0x15555511af20,r,8,0x1555550fbf98
0x15555511af24,w,8,0x15555532afd8
0x15555511ae40,r,8,0x1555550fbfa8
0x15555511ae55,r,8,0x1555550fbfa0
0x15555511ae6c,r,1,0x1555550fb44c
0x15555511ae71,r,2,0x1555550fb44e
0x15555511ae76,r,8,0x1555550fb450
0x15555511ae89,r,8,0x15555532ba50
0x15555511aea4,r,4,0x155555121044
0x15555511af20,r,8,0x1555550fbfb0
0x15555511af24,w,8,0x15555532afe0
0x15555511ae40,r,8,0x1555550fbfc0
0x15555511ae55,r,8,0x1555550fbfb8
0x15555511ae6c,r,1,0x1555550fb65c
0x15555511ae71,r,2,0x1555550fb65e
0x15555511ae76,r,8,0x1555550fb660
0x15555511ae89,r,8,0x15555532ba50
0x15555511aea4,r,4,0x155555121044
0x15555511af20,r,8,0x1555550fbfc8
0x15555511af24,w,8,0x15555532afe8
0x15555511ae40,r,8,0x1555550fbfd8
0x15555511ae55,r,8,0x1555550fbfd0
0x15555511ae6c,r,1,0x1555550fb4f4
0x15555511ae71,r,2,0x1555550fb4f6
0x15555511ae76,r,8,0x1555550fb4f8
0x15555511ae89,r,8,0x15555532ba50
0x15555511aea4,r,4,0x155555121044
0x15555511af20,r,8,0x1555550fbfe0
0x15555511af24,w,8,0x15555532aff0
0x15555511acc5,r,1,0x15555532bd6c
0x15555511acc5,w,1,0x15555532bd6c
0x15555511accc,w,8,0x7fffffffcb38
0x155555117f3b,w,8,0x15555532aa98
0x155555117f49,w,8,0x15555532aa90
0x155555117f57,w,8,0x15555532aa88
0x155555117f65,w,8,0x15555532aa80
0x155555117f6c,r,8,0x7fffffffcb38
0x15555511ace1,w,8,0x15555532ab40
0x15555511ace8,w,8,0x7fffffffcb38
0x155555109f14,r,8,0x15555532bcf0
0x155555109f20,r,8,0x15555532ae58
0x155555109f24,r,4,0x1555550fb338
0x155555109f26,w,4,0x15555532bd44
0x155555109f2c,r,4,0xfffffffffffc2d68
0x155555109f2f,r,4,0x1555550fb33c
0x155555109f3b,w,4,0x15555532bd48
0x155555109f4b,r,4,0x1555550fb344
0x155555109f52,w,8,0x15555532bd50
0x155555109f59,w,8,0x15555532bd58
0x155555109f64,w,4,0x15555532bd4c
0x155555109f6a,w,8,0x15555532bd60
0x155555109f71,r,8,0x7fffffffcb38
0x15555511acfe,w,8,0x15555532ba78
0x15555511ad0c,w,8,0x15555532bda0
0x15555511ad1a,w,8,0x15555532bda8
0x15555511ad28,w,8,0x15555532bdb0
0x15555511ad2f,w,8,0x15555532aaa8
0x15555511ad36,w,8,0x7fffffffcb38
0x155555119104,w,8,0x7fffffffcb30
0x155555119106,w,8,0x7fffffffcb28
0x155555119108,w,8,0x7fffffffcb20
0x15555511910a,w,8,0x7fffffffcb18
0x15555511910f,w,8,0x7fffffffcb10
0x155555119110,w,8,0x7fffffffcb08
0x155555119115,r,8,0x7fffffffcbb0
0x155555119118,w,8,0x15555532aaa8
0x155555119123,w,8,0x15555532ab60
0x15555511912a,w,4,0x15555532ab68
0x155555119137,w,8,0x15555532c1d0
0x15555511913e,r,8,0x7fffffffcbc8
0x15555511914b,r,8,0x7fffffffcbd0
0x15555511914b,r,8,0x7fffffffcbd8
0x15555511914b,r,8,0x7fffffffcbe0
0x15555511914b,r,8,0x7fffffffcbe8
0x15555511914b,r,8,0x7fffffffcbf0
0x15555511914b,r,8,0x7fffffffcbf8
0x15555511914b,r,8,0x7fffffffcc00
0x15555511914b,r,8,0x7fffffffcc08
0x15555511914b,r,8,0x7fffffffcc10
0x15555511914b,r,8,0x7fffffffcc18
0x15555511914b,r,8,0x7fffffffcc20
0x15555511914b,r,8,0x7fffffffcc28
0x15555511914b,r,8,0x7fffffffcc30
0x15555511914b,r,8,0x7fffffffcc38
0x15555511914b,r,8,0x7fffffffcc40
0x15555511914b,r,8,0x7fffffffcc48
0x15555511914b,r,8,0x7fffffffcc50
0x15555511914b,r,8,0x7fffffffcc58
0x15555511914b,r,8,0x7fffffffcc60
0x15555511914b,r,8,0x7fffffffcc68
0x15555511914b,r,8,0x7fffffffcc70
0x15555511914b,r,8,0x7fffffffcc78
0x15555511914b,r,8,0x7fffffffcc80
0x15555511914b,r,8,0x7fffffffcc88
0x15555511914b,r,8,0x7fffffffcc90
0x15555511914b,r,8,0x7fffffffcc98
0x15555511914b,r,8,0x7fffffffcca0
0x15555511914b,r,8,0x7fffffffcca8
0x15555511914b,r,8,0x7fffffffccb0
0x15555511914b,r,8,0x7fffffffccb8
0x15555511914b,r,8,0x7fffffffccc0
0x15555511914b,r,8,0x7fffffffccc8
0x15555511914b,r,8,0x7fffffffccd0
0x15555511914b,r,8,0x7fffffffccd8
0x15555511914b,r,8,0x7fffffffcce0
0x15555511914b,r,8,0x7fffffffcce8
0x15555511914b,r,8,0x7fffffffccf0
0x15555511914b,r,8,0x7fffffffccf8
0x15555511914b,r,8,0x7fffffffcd00
0x15555511914b,r,8,0x7fffffffcd08
0x15555511914b,r,8,0x7fffffffcd10
0x15555511914b,r,8,0x7fffffffcd18
0x15555511914b,r,8,0x7fffffffcd20
0x15555511914b,r,8,0x7fffffffcd28
0x15555511914b,r,8,0x7fffffffcd30
0x15555511914b,r,8,0x7fffffffcd38
0x15555511914b,r,8,0x7fffffffcd40
0x15555511914b,r,8,0x7fffffffcd48
0x15555511914b,r,8,0x7fffffffcd50
0x15555511914b,r,8,0x7fffffffcd58
0x15555511914b,r,8,0x7fffffffcd60
0x15555511914b,r,8,0x7fffffffcd68
0x15555511914b,r,8,0x7fffffffcd70
0x15555511914b,r,8,0x7fffffffcd78
0x15555511914b,r,8,0x7fffffffcd80
0x15555511914b,r,8,0x7fffffffcd88
0x15555511914b,r,8,0x7fffffffcd90
0x15555511914b,r,8,0x7fffffffcd98
0x15555511914b,r,8,0x7fffffffcda0
0x15555511914b,r,8,0x7fffffffcda8
0x15555511914b,r,8,0x7fffffffcdb0
0x15555511914b,r,8,0x7fffffffcdb8
0x15555511914b,r,8,0x7fffffffcdc0
0x15555511914b,r,8,0x7fffffffcdc8
0x15555511914b,r,8,0x7fffffffcdd0
0x15555511914b,r,8,0x7fffffffcdd8
0x15555511914b,r,8,0x7fffffffcde0
0x15555511914b,r,8,0x7fffffffcde8
0x15555511914b,r,8,0x7fffffffcdf0
0x15555511914b,r,8,0x7fffffffcdf8
0x15555511914b,r,8,0x7fffffffce00
0x15555511914b,r,8,0x7fffffffce08
0x15555511914b,r,8,0x7fffffffce10
0x15555511914b,r,8,0x7fffffffce18
0x15555511914b,r,8,0x7fffffffce20
0x15555511914b,r,8,0x7fffffffce28
0x15555511914b,r,8,0x7fffffffce30
0x15555511914b,r,8,0x7fffffffce38
0x15555511914b,r,8,0x7fffffffce40
0x15555511914b,r,8,0x7fffffffce48
0x15555511914b,r,8,0x7fffffffce50
0x15555511914b,r,8,0x7fffffffce58
0x15555511914b,r,8,0x7fffffffce60
0x15555511914b,r,8,0x7fffffffce68
0x15555511914b,r,8,0x7fffffffce70
0x155555119155,r,8,0x7fffffffce78
0x155555119160,w,8,0x15555532ab88
0x15555511916b,w,8,0x15555532abe0
0x155555119172,w,8,0x7fffffffcaf8
0x155555119180,w,1,0x7fffffffcae7
0x15555511918e,w,1,0x7fffffffcae6
0x15555511919b,r,8,0x15555532adc0
0x1555551191a2,w,1,0x7fffffffcae3
0x1555551191ae,w,1,0x7fffffffcae2
0x1555551191b3,r,4,0x15555532aab0
0x1555551191ba,w,8,0x7fffffffcad8
0x1555551191bf,r,8,0x15555532add0
0x1555551191c6,w,1,0x7fffffffcad3
0x1555551191cb,r,8,0x15555532ab98
0x1555551191d2,w,8,0x7fffffffcac8
0x1555551191d7,r,8,0x15555532aaa0
0x1555551191de,w,1,0x7fffffffcad2
0x1555551191e3,w,8,0x7fffffffcae8
0x1555551191e8,r,2,0x15555532abd0
0x1555551191ef,w,2,0x7fffffffcae4
0x1555551191f4,r,4,0x15555532abb8
0x1555551191fa,w,4,0x7fffffffcad4
0x1555551191fe,r,8,0x15555532abd8
0x155555119205,w,8,0x7fffffffcac0
0x15555511921a,r,4,0x155555120d94
0x155555119228,r,8,0x7fffffffce80
0x15555511922c,w,1,0x7fffffffcae6
0x155555119231,w,8,0x7fffffffcad8
0x155555119244,r,8,0x7fffffffce88
0x155555119244,r,8,0x7fffffffce98
0x15555511921a,r,4,0x155555120d50
0x155555119370,r,8,0x7fffffffcea0
0x155555119374,w,1,0x7fffffffcad2
0x155555119379,w,8,0x7fffffffcac0
0x155555119244,r,8,0x7fffffffcea8
0x15555511921a,r,4,0x155555120d28
0x1555551193b0,r,8,0x7fffffffceb0
0x155555119244,r,8,0x7fffffffceb8
0x15555511921a,r,4,0x155555120d54
0x155555119358,r,4,0x7fffffffcec0
0x15555511935b,w,1,0x7fffffffcae2
0x155555119360,w,4,0x7fffffffcad4
0x155555119244,r,8,0x7fffffffcec8
0x15555511921a,r,4,0x155555120d1c
0x1555551193c0,r,8,0x7fffffffced0
0x155555119244,r,8,0x7fffffffced8
0x15555511921a,r,4,0x155555120d20
0x155555119244,r,8,0x7fffffffcee8
0x15555511921a,r,4,0x155555120d24
0x1555551193d0,r,4,0x7fffffffcef0
0x155555119244,r,8,0x7fffffffcef8
0x15555511921a,r,4,0x155555120d2c
0x155555119244,r,8,0x7fffffffcf08
0x15555511921a,r,4,0x155555120d30
0x155555119244,r,8,0x7fffffffcf18
0x15555511921a,r,4,0x155555120d34
0x1555551193a0,r,8,0x7fffffffcf20
0x155555119244,r,8,0x7fffffffcf28
0x15555511921a,r,4,0x155555120d3c
0x155555119244,r,8,0x7fffffffcf38
0x15555511921a,r,4,0x155555120d40
0x155555119244,r,8,0x7fffffffcf48
0x15555511921a,r,4,0x155555120d44
0x155555119244,r,8,0x7fffffffcf58
0x15555511921a,r,4,0x155555120d48
0x155555119244,r,8,0x7fffffffcf68
0x15555511921a,r,4,0x155555120d6c
0x155555119328,r,4,0x7fffffffcf70
0x155555119244,r,8,0x7fffffffcf78
0x15555511921a,r,4,0x155555120d74
0x155555119310,r,8,0x7fffffffcf80
0x155555119314,w,1,0x7fffffffcae7
0x155555119319,w,8,0x7fffffffcae8
0x155555119244,r,8,0x7fffffffcf88
0x15555511921a,r,4,0x155555120d78
0x1555551192f8,r,8,0x7fffffffcf90
0x1555551192fc,w,1,0x7fffffffcad3
0x155555119301,w,8,0x7fffffffcac8
0x155555119244,r,8,0x7fffffffcf98
0x15555511921a,r,4,0x155555120d8c
0x155555119244,r,8,0x7fffffffcfa8
0x15555511921a,r,4,0x155555120d4c
0x155555119388,r,8,0x7fffffffcfb0
0x155555119244,r,8,0x7fffffffcfb8
0x155555119251,w,8,0x15555532ab98
0x15555511925d,w,8,0x7fffffffcaf8
0x155555119267,w,4,0x15555532aab0
0x155555119273,w,8,0x15555532ab88
0x15555511927a,r,1,0x7fffffffcad2
0x155555119281,r,8,0x7fffffffcac0
0x155555119285,w,8,0x15555532abd8
0x15555511928c,r,1,0x7fffffffcad3
0x155555119293,r,8,0x7fffffffcac8
0x155555119298,w,8,0x15555532add0
0x15555511929f,r,1,0x7fffffffcae2
0x1555551192a6,r,4,0x7fffffffcad4
0x1555551192aa,w,4,0x15555532abb8
0x1555551192b0,r,1,0x7fffffffcae3
0x1555551192c3,r,1,0x7fffffffcae6
0x1555551192ca,r,8,0x7fffffffcad8
0x1555551192cf,w,8,0x15555532adc0
0x1555551192d6,r,1,0x7fffffffcae7
0x1555551192e1,r,8,0x7fffffffcae8
0x1555551192e6,w,8,0x15555532aaa0
0x1555551193e4,w,8,0x7fffffffcab8
0x155555112a04,w,8,0x7fffffffcab0
0x155555112a09,w,8,0x7fffffffcaa8
0x155555112a0b,w,8,0x7fffffffcaa0
0x155555112a0d,w,8,0x7fffffffca98
0x155555112a0f,w,8,0x7fffffffca90
0x155555112a10,w,8,0x7fffffffca88
0x155555112a15,r,4,0x15555532aab0
0x155555112a31,r,8,0x7fffffffcbc8
0x155555112a3d,r,1,0x7fffffffcfe8
0x155555112a63,r,1,0x7fffffffcfe9
0x155555112a63,r,1,0x7fffffffcfea
0x155555112a63,r,1,0x7fffffffcfeb
0x155555112a63,r,1,0x7fffffffcfec
0x155555112a63,r,1,0x7fffffffcfed
0x155555112a63,r,1,0x7fffffffcfee
0x155555112a63,r,1,0x7fffffffcfef
0x155555112a63,r,1,0x7fffffffcff0
0x155555112a63,r,1,0x7fffffffcff1
0x155555112a63,r,1,0x7fffffffcff2
0x155555112a63,r,1,0x7fffffffcff3
0x155555112a84,w,8,0x7fffffffca58
0x155555112ad3,r,4,0x15555532aab0
0x155555112ae8,r,1,0x15555532a3a8
0x155555112aed,r,8,0x15555532a3b0
0x155555112ae8,r,1,0x15555532a3e0
0x155555112aed,r,8,0x15555532a3e8
0x155555112ae8,r,1,0x15555532a418
0x155555112aed,r,8,0x15555532a420
0x155555112af6,r,1,0x155555121dc7
0x155555112af9,r,1,0x7fffffffcfe8
0x155555112ae8,r,1,0x15555532a450
0x155555112aed,r,8,0x15555532a458
0x155555112af6,r,1,0x155555121df3
0x155555112af9,r,1,0x7fffffffcfe8
0x155555112ae8,r,1,0x15555532a488
0x155555112aed,r,8,0x15555532a490
0x155555112ae8,r,1,0x15555532a4c0
0x155555112aed,r,8,0x15555532a4c8
0x155555112ae8,r,1,0x15555532a4f8
0x155555112aed,r,8,0x15555532a500
0x155555112ae8,r,1,0x15555532a530
0x155555112aed,r,8,0x15555532a538
0x155555112ae8,r,1,0x15555532a568
0x155555112aed,r,8,0x15555532a570
0x155555112ae8,r,1,0x15555532a5a0
0x155555112aed,r,8,0x15555532a5a8
0x155555112ae8,r,1,0x15555532a5d8
0x155555112aed,r,8,0x15555532a5e0
0x155555112af6,r,1,0x155555121e72
0x155555112af9,r,1,0x7fffffffcfe8
0x155555112ae8,r,1,0x15555532a610
0x155555112aed,r,8,0x15555532a618
0x155555112ae8,r,1,0x15555532a648
0x155555112aed,r,8,0x15555532a650
0x155555112ae8,r,1,0x15555532a680
0x155555112aed,r,8,0x15555532a688
0x155555112ae8,r,1,0x15555532a6b8
0x155555112aed,r,8,0x15555532a6c0
0x155555112af6,r,1,0x155555121eab
0x155555112af9,r,1,0x7fffffffcfe8
0x155555112ae8,r,1,0x15555532a6f0
0x155555112aed,r,8,0x15555532a6f8
0x155555112af6,r,1,0x155555121ecf
0x155555112af9,r,1,0x7fffffffcfe8
0x155555112ae8,r,1,0x15555532a728
0x155555112aed,r,8,0x15555532a730
0x155555112ae8,r,1,0x15555532a760
0x155555112aed,r,8,0x15555532a768
0x155555112ae8,r,1,0x15555532a798
0x155555112aed,r,8,0x15555532a7a0
0x155555112ae8,r,1,0x15555532a7d0
0x155555112aed,r,8,0x15555532a7d8
0x155555112ae8,r,1,0x15555532a808
0x155555112aed,r,8,0x15555532a810
0x155555112ae8,r,1,0x15555532a840
0x155555112aed,r,8,0x15555532a848
0x155555112af6,r,1,0x155555121f1a
0x155555112af9,r,1,0x7fffffffcfe8
0x155555112ae8,r,1,0x15555532a878
0x155555112aed,r,8,0x15555532a880
0x155555112af6,r,1,0x155555121f47
0x155555112af9,r,1,0x7fffffffcfe8
0x155555112ae8,r,1,0x15555532a8b0
0x155555112aed,r,8,0x15555532a8b8
0x155555112ae8,r,1,0x15555532a8e8
0x155555112aed,r,8,0x15555532a8f0
0x155555112ae8,r,1,0x15555532a920
0x155555112aed,r,8,0x15555532a928
0x155555112af6,r,1,0x155555121fae
0x155555112af9,r,1,0x7fffffffcfe8
0x155555112ae8,r,1,0x15555532a958
0x155555112aed,r,8,0x15555532a960
0x155555112ae8,r,1,0x15555532a990
0x155555112aed,r,8,0x15555532a998
0x155555112ae8,r,1,0x15555532a9c8
0x155555112aed,r,8,0x15555532a9d0
0x155555112af6,r,1,0x155555121feb
0x155555112af9,r,1,0x7fffffffcfe8
0x155555112ae8,r,1,0x15555532aa00
0x155555112aed,r,8,0x15555532aa08
0x155555112ae8,r,1,0x15555532aa38
0x155555112aed,r,8,0x15555532aa40
0x155555112ae8,r,1,0x15555532aa70
0x155555112aed,r,8,0x15555532aa78
0x155555112a31,r,8,0x7fffffffcbd0
0x155555112a3d,r,1,0x7fffffffcff6
0x155555112a63,r,1,0x7fffffffcff7
0x155555112a63,r,1,0x7fffffffcff8
0x155555112a63,r,1,0x7fffffffcff9
0x155555112a63,r,1,0x7fffffffcffa
0x155555112a63,r,1,0x7fffffffcffb
0x155555112a63,r,1,0x7fffffffcffc
0x155555112a63,r,1,0x7fffffffcffd
0x155555112a63,r,1,0x7fffffffcffe
0x155555112a63,r,1,0x7fffffffcfff
0x155555112a63,r,1,0x7fffffffd000
0x155555112a63,r,1,0x7fffffffd001
0x155555112a63,r,1,0x7fffffffd002
0x155555112a63,r,1,0x7fffffffd003
0x155555112a63,r,1,0x7fffffffd004
0x155555112a63,r,1,0x7fffffffd005
0x155555112a84,w,8,0x7fffffffca58
0x155555112ad3,r,4,0x15555532aab0
0x155555112ae8,r,1,0x15555532a3a8
0x155555112aed,r,8,0x15555532a3b0
0x155555112ae8,r,1,0x15555532a3e0
0x155555112aed,r,8,0x15555532a3e8
0x155555112ae8,r,1,0x15555532a418
0x155555112aed,r,8,0x15555532a420
0x155555112af6,r,1,0x155555121dc7
0x155555112af9,r,1,0x7fffffffcff6
0x155555112ae8,r,1,0x15555532a450
0x155555112aed,r,8,0x15555532a458
0x155555112af6,r,1,0x155555121df3
0x155555112af9,r,1,0x7fffffffcff6
0x155555112ae8,r,1,0x15555532a488
0x155555112aed,r,8,0x15555532a490
0x155555112ae8,r,1,0x15555532a4c0
0x155555112aed,r,8,0x15555532a4c8
0x155555112ae8,r,1,0x15555532a4f8
0x155555112aed,r,8,0x15555532a500
0x155555112ae8,r,1,0x15555532a530
0x155555112aed,r,8,0x15555532a538
0x155555112ae8,r,1,0x15555532a568
0x155555112aed,r,8,0x15555532a570
0x155555112ae8,r,1,0x15555532a5a0
0x155555112aed,r,8,0x15555532a5a8
0x155555112ae8,r,1,0x15555532a5d8
0x155555112aed,r,8,0x15555532a5e0
0x155555112af6,r,1,0x155555121e72
0x155555112af9,r,1,0x7fffffffcff6
0x155555112ae8,r,1,0x15555532a610
0x155555112aed,r,8,0x15555532a618
0x155555112ae8,r,1,0x15555532a648
0x155555112aed,r,8,0x15555532a650
0x155555112ae8,r,1,0x15555532a680
0x155555112aed,r,8,0x15555532a688
0x155555112ae8,r,1,0x15555532a6b8
0x155555112aed,r,8,0x15555532a6c0
0x155555112af6,r,1,0x155555121eab
0x155555112af9,r,1,0x7fffffffcff6
0x155555112b1c,r,1,0x155555121eac
0x155555112b20,r,1,0x7fffffffcff7
0x155555112b1c,r,1,0x155555121ead
0x155555112b20,r,1,0x7fffffffcff8
0x155555112b1c,r,1,0x155555121eae
0x155555112b20,r,1,0x7fffffffcff9
0x155555112ae8,r,1,0x15555532a6f0
0x155555112aed,r,8,0x15555532a6f8
0x155555112af6,r,1,0x155555121ecf
0x155555112af9,r,1,0x7fffffffcff6
0x155555112ae8,r,1,0x15555532a728
0x155555112aed,r,8,0x15555532a730
0x155555112ae8,r,1,0x15555532a760
0x155555112aed,r,8,0x15555532a768
0x155555112ae8,r,1,0x15555532a798
0x155555112aed,r,8,0x15555532a7a0
0x155555112ae8,r,1,0x15555532a7d0
0x155555112aed,r,8,0x15555532a7d8
0x155555112ae8,r,1,0x15555532a808
0x155555112aed,r,8,0x15555532a810
0x155555112ae8,r,1,0x15555532a840
0x155555112aed,r,8,0x15555532a848
0x155555112af6,r,1,0x155555121f1a
0x155555112af9,r,1,0x7fffffffcff6
0x155555112ae8,r,1,0x15555532a878
0x155555112aed,r,8,0x15555532a880
0x155555112af6,r,1,0x155555121f47
0x155555112af9,r,1,0x7fffffffcff6
0x155555112ae8,r,1,0x15555532a8b0
0x155555112aed,r,8,0x15555532a8b8
0x155555112ae8,r,1,0x15555532a8e8
0x155555112aed,r,8,0x15555532a8f0
0x155555112ae8,r,1,0x15555532a920
0x155555112aed,r,8,0x15555532a928
0x155555112af6,r,1,0x155555121fae
0x155555112af9,r,1,0x7fffffffcff6
0x155555112ae8,r,1,0x15555532a958
0x155555112aed,r,8,0x15555532a960
0x155555112ae8,r,1,0x15555532a990
0x155555112aed,r,8,0x15555532a998
0x155555112ae8,r,1,0x15555532a9c8
0x155555112aed,r,8,0x15555532a9d0
0x155555112af6,r,1,0x155555121feb
0x155555112af9,r,1,0x7fffffffcff6
0x155555112ae8,r,1,0x15555532aa00
0x155555112aed,r,8,0x15555532aa08
0x155555112ae8,r,1,0x15555532aa38
0x155555112aed,r,8,0x15555532aa40
0x155555112ae8,r,1,0x15555532aa70
0x155555112aed,r,8,0x15555532aa78
0x155555112a31,r,8,0x7fffffffcbd8
0x155555112a3d,r,1,0x7fffffffd0b2
0x155555112a63,r,1,0x7fffffffd0b3
0x155555112a63,r,1,0x7fffffffd0b4
0x155555112a63,r,1,0x7fffffffd0b5
0x155555112a63,r,1,0x7fffffffd0b6
0x155555112a63,r,1,0x7fffffffd0b7
0x155555112a63,r,1,0x7fffffffd0b8
0x155555112a63,r,1,0x7fffffffd0b9
0x155555112a63,r,1,0x7fffffffd0ba
0x155555112a63,r,1,0x7fffffffd0bb
0x155555112a84,w,8,0x7fffffffca58
0x155555112ad3,r,4,0x15555532aab0
0x155555112ae8,r,1,0x15555532a3a8
0x155555112aed,r,8,0x15555532a3b0
0x155555112ae8,r,1,0x15555532a3e0
0x155555112aed,r,8,0x15555532a3e8
0x155555112ae8,r,1,0x15555532a418
0x155555112aed,r,8,0x15555532a420
0x155555112af6,r,1,0x155555121dc7
0x155555112af9,r,1,0x7fffffffd0b2
0x155555112ae8,r,1,0x15555532a450
0x155555112aed,r,8,0x15555532a458
0x155555112af6,r,1,0x155555121df3
0x155555112af9,r,1,0x7fffffffd0b2
0x155555112ae8,r,1,0x15555532a488
0x155555112aed,r,8,0x15555532a490
0x155555112ae8,r,1,0x15555532a4c0
0x155555112aed,r,8,0x15555532a4c8
0x155555112ae8,r,1,0x15555532a4f8
0x155555112aed,r,8,0x15555532a500
0x155555112ae8,r,1,0x15555532a530
0x155555112aed,r,8,0x15555532a538
0x155555112ae8,r,1,0x15555532a568
0x155555112aed,r,8,0x15555532a570
0x155555112ae8,r,1,0x15555532a5a0
0x155555112aed,r,8,0x15555532a5a8
0x155555112ae8,r,1,0x15555532a5d8
0x155555112aed,r,8,0x15555532a5e0
0x155555112af6,r,1,0x155555121e72
0x155555112af9,r,1,0x7fffffffd0b2
0x155555112ae8,r,1,0x15555532a610
0x155555112aed,r,8,0x15555532a618
0x155555112ae8,r,1,0x15555532a648
0x155555112aed,r,8,0x15555532a650
0x155555112ae8,r,1,0x15555532a680
0x155555112aed,r,8,0x15555532a688
0x155555112ae8,r,1,0x15555532a6b8
0x155555112aed,r,8,0x15555532a6c0
0x155555112af6,r,1,0x155555121eab
0x155555112af9,r,1,0x7fffffffd0b2
0x155555112b1c,r,1,0x155555121eac
0x155555112b20,r,1,0x7fffffffd0b3
0x155555112ae8,r,1,0x15555532a6f0
0x155555112aed,r,8,0x15555532a6f8
0x155555112af6,r,1,0x155555121ecf
0x155555112af9,r,1,0x7fffffffd0b2
0x155555112ae8,r,1,0x15555532a728
0x155555112aed,r,8,0x15555532a730
0x155555112ae8,r,1,0x15555532a760
0x155555112aed,r,8,0x15555532a768
0x155555112ae8,r,1,0x15555532a798
0x155555112aed,r,8,0x15555532a7a0
0x155555112ae8,r,1,0x15555532a7d0
0x155555112aed,r,8,0x15555532a7d8
0x155555112ae8,r,1,0x15555532a808
0x155555112aed,r,8,0x15555532a810
0x155555112ae8,r,1,0x15555532a840
0x155555112aed,r,8,0x15555532a848
0x155555112af6,r,1,0x155555121f1a
0x155555112af9,r,1,0x7fffffffd0b2
0x155555112ae8,r,1,0x15555532a878
0x155555112aed,r,8,0x15555532a880
0x155555112af6,r,1,0x155555121f47
0x155555112af9,r,1,0x7fffffffd0b2
0x155555112ae8,r,1,0x15555532a8b0
0x155555112aed,r,8,0x15555532a8b8
0x155555112ae8,r,1,0x15555532a8e8
0x155555112aed,r,8,0x15555532a8f0
0x155555112ae8,r,1,0x15555532a920
0x155555112aed,r,8,0x15555532a928
0x155555112af6,r,1,0x155555121fae
0x155555112af9,r,1,0x7fffffffd0b2
0x155555112ae8,r,1,0x15555532a958
0x155555112aed,r,8,0x15555532a960
0x155555112ae8,r,1,0x15555532a990
0x155555112aed,r,8,0x15555532a998
0x155555112ae8,r,1,0x15555532a9c8
0x155555112aed,r,8,0x15555532a9d0
0x155555112af6,r,1,0x155555121feb
0x155555112af9,r,1,0x7fffffffd0b2
0x155555112ae8,r,1,0x15555532aa00
0x155555112aed,r,8,0x15555532aa08
0x155555112ae8,r,1,0x15555532aa38
0x155555112aed,r,8,0x15555532aa40
0x155555112ae8,r,1,0x15555532aa70
0x155555112aed,r,8,0x15555532aa78
0x155555112a31,r,8,0x7fffffffcbe0
0x155555112a3d,r,1,0x7fffffffd7b0
0x155555112a63,r,1,0x7fffffffd7b1
0x155555112a63,r,1,0x7fffffffd7b2
0x155555112a63,r,1,0x7fffffffd7b3
0x155555112a63,r,1,0x7fffffffd7b4
0x155555112a63,r,1,0x7fffffffd7b5
0x155555112a63,r,1,0x7fffffffd7b6
0x155555112a63,r,1,0x7fffffffd7b7
0x155555112a63,r,1,0x7fffffffd7b8
0x155555112a63,r,1,0x7fffffffd7b9
0x155555112a84,w,8,0x7fffffffca58
0x155555112ad3,r,4,0x15555532aab0
0x155555112ae8,r,1,0x15555532a3a8
0x155555112aed,r,8,0x15555532a3b0
0x155555112ae8,r,1,0x15555532a3e0
0x155555112aed,r,8,0x15555532a3e8
0x155555112ae8,r,1,0x15555532a418
0x155555112aed,r,8,0x15555532a420
0x155555112af6,r,1,0x155555121dc7
0x155555112af9,r,1,0x7fffffffd7b0
0x155555112ae8,r,1,0x15555532a450
0x155555112aed,r,8,0x15555532a458
0x155555112af6,r,1,0x155555121df3
0x155555112af9,r,1,0x7fffffffd7b0
0x155555112ae8,r,1,0x15555532a488
0x155555112aed,r,8,0x15555532a490
0x155555112ae8,r,1,0x15555532a4c0
0x155555112aed,r,8,0x15555532a4c8
0x155555112ae8,r,1,0x15555532a4f8
0x155555112aed,r,8,0x15555532a500
0x155555112ae8,r,1,0x15555532a530
0x155555112aed,r,8,0x15555532a538
0x155555112ae8,r,1,0x15555532a568
0x155555112aed,r,8,0x15555532a570
0x155555112ae8,r,1,0x15555532a5a0
0x155555112aed,r,8,0x15555532a5a8
0x155555112ae8,r,1,0x15555532a5d8
0x155555112aed,r,8,0x15555532a5e0
0x155555112af6,r,1,0x155555121e72
0x155555112af9,r,1,0x7fffffffd7b0
0x155555112ae8,r,1,0x15555532a610
0x155555112aed,r,8,0x15555532a618
0x155555112ae8,r,1,0x15555532a648
0x155555112aed,r,8,0x15555532a650
0x155555112ae8,r,1,0x15555532a680
0x155555112aed,r,8,0x15555532a688
0x155555112ae8,r,1,0x15555532a6b8
0x155555112aed,r,8,0x15555532a6c0
0x155555112af6,r,1,0x155555121eab
0x155555112af9,r,1,0x7fffffffd7b0
0x155555112ae8,r,1,0x15555532a6f0
0x155555112aed,r,8,0x15555532a6f8
0x155555112af6,r,1,0x155555121ecf
0x155555112af9,r,1,0x7fffffffd7b0
0x155555112ae8,r,1,0x15555532a728
0x155555112aed,r,8,0x15555532a730
0x155555112ae8,r,1,0x15555532a760
0x155555112aed,r,8,0x15555532a768
0x155555112ae8,r,1,0x15555532a798
0x155555112aed,r,8,0x15555532a7a0
0x155555112ae8,r,1,0x15555532a7d0
0x155555112aed,r,8,0x15555532a7d8
0x155555112ae8,r,1,0x15555532a808
0x155555112aed,r,8,0x15555532a810
0x155555112ae8,r,1,0x15555532a840
0x155555112aed,r,8,0x15555532a848
0x155555112af6,r,1,0x155555121f1a
0x155555112af9,r,1,0x7fffffffd7b0
0x155555112ae8,r,1,0x15555532a878
0x155555112aed,r,8,0x15555532a880
0x155555112af6,r,1,0x155555121f47
0x155555112af9,r,1,0x7fffffffd7b0
0x155555112ae8,r,1,0x15555532a8b0
0x155555112aed,r,8,0x15555532a8b8
0x155555112ae8,r,1,0x15555532a8e8
0x155555112aed,r,8,0x15555532a8f0
0x155555112ae8,r,1,0x15555532a920
0x155555112aed,r,8,0x15555532a928
0x155555112af6,r,1,0x155555121fae
0x155555112af9,r,1,0x7fffffffd7b0
0x155555112ae8,r,1,0x15555532a958
0x155555112aed,r,8,0x15555532a960
0x155555112ae8,r,1,0x15555532a990
0x155555112aed,r,8,0x15555532a998
0x155555112ae8,r,1,0x15555532a9c8
0x155555112aed,r,8,0x15555532a9d0
0x155555112af6,r,1,0x155555121feb
0x155555112af9,r,1,0x7fffffffd7b0
0x155555112ae8,r,1,0x15555532aa00
0x155555112aed,r,8,0x15555532aa08
0x155555112ae8,r,1,0x15555532aa38
0x155555112aed,r,8,0x15555532aa40
0x155555112ae8,r,1,0x15555532aa70
0x155555112aed,r,8,0x15555532aa78
0x155555112a31,r,8,0x7fffffffcbe8
0x155555112a3d,r,1,0x7fffffffd7de
0x155555112a63,r,1,0x7fffffffd7df
0x155555112a63,r,1,0x7fffffffd7e0
0x155555112a63,r,1,0x7fffffffd7e1
0x155555112a63,r,1,0x7fffffffd7e2
0x155555112a63,r,1,0x7fffffffd7e3
0x155555112a63,r,1,0x7fffffffd7e4
0x155555112a63,r,1,0x7fffffffd7e5
0x155555112a63,r,1,0x7fffffffd7e6
0x155555112a63,r,1,0x7fffffffd7e7
0x155555112a63,r,1,0x7fffffffd7e8
0x155555112a63,r,1,0x7fffffffd7e9
0x155555112a63,r,1,0x7fffffffd7ea
0x155555112a63,r,1,0x7fffffffd7eb
0x155555112a63,r,1,0x7fffffffd7ec
0x155555112a63,r,1,0x7fffffffd7ed
0x155555112a63,r,1,0x7fffffffd7ee
0x155555112a63,r,1,0x7fffffffd7ef
0x155555112a63,r,1,0x7fffffffd7f0
0x155555112a63,r,1,0x7fffffffd7f1
0x155555112a63,r,1,0x7fffffffd7f2
0x155555112a63,r,1,0x7fffffffd7f3
0x155555112a84,w,8,0x7fffffffca58
0x155555112ad3,r,4,0x15555532aab0
0x155555112ae8,r,1,0x15555532a3a8
0x155555112aed,r,8,0x15555532a3b0
0x155555112ae8,r,1,0x15555532a3e0
0x155555112aed,r,8,0x15555532a3e8
0x155555112ae8,r,1,0x15555532a418
0x155555112aed,r,8,0x15555532a420
0x155555112af6,r,1,0x155555121dc7
0x155555112af9,r,1,0x7fffffffd7de
0x155555112ae8,r,1,0x15555532a450
0x155555112aed,r,8,0x15555532a458
0x155555112af6,r,1,0x155555121df3
0x155555112af9,r,1,0x7fffffffd7de
0x155555112ae8,r,1,0x15555532a488
0x155555112aed,r,8,0x15555532a490
0x155555112ae8,r,1,0x15555532a4c0
0x155555112aed,r,8,0x15555532a4c8
0x155555112ae8,r,1,0x15555532a4f8
0x155555112aed,r,8,0x15555532a500
0x155555112ae8,r,1,0x15555532a530
0x155555112aed,r,8,0x15555532a538
0x155555112ae8,r,1,0x15555532a568
0x155555112aed,r,8,0x15555532a570
0x155555112ae8,r,1,0x15555532a5a0
0x155555112aed,r,8,0x15555532a5a8
0x155555112ae8,r,1,0x15555532a5d8
0x155555112aed,r,8,0x15555532a5e0
0x155555112af6,r,1,0x155555121e72
0x155555112af9,r,1,0x7fffffffd7de
0x155555112ae8,r,1,0x15555532a610
0x155555112aed,r,8,0x15555532a618
0x155555112ae8,r,1,0x15555532a648
0x155555112aed,r,8,0x15555532a650
0x155555112ae8,r,1,0x15555532a680
0x155555112aed,r,8,0x15555532a688
0x155555112ae8,r,1,0x15555532a6b8
0x155555112aed,r,8,0x15555532a6c0
0x155555112af6,r,1,0x155555121eab
0x155555112af9,r,1,0x7fffffffd7de
0x155555112ae8,r,1,0x15555532a6f0
0x155555112aed,r,8,0x15555532a6f8
0x155555112af6,r,1,0x155555121ecf
0x155555112af9,r,1,0x7fffffffd7de
0x155555112ae8,r,1,0x15555532a728
0x155555112aed,r,8,0x15555532a730
0x155555112ae8,r,1,0x15555532a760
0x155555112aed,r,8,0x15555532a768
0x155555112ae8,r,1,0x15555532a798
0x155555112aed,r,8,0x15555532a7a0
0x155555112ae8,r,1,0x15555532a7d0
0x155555112aed,r,8,0x15555532a7d8
0x155555112ae8,r,1,0x15555532a808
0x155555112aed,r,8,0x15555532a810
0x155555112ae8,r,1,0x15555532a840
0x155555112aed,r,8,0x15555532a848
0x155555112af6,r,1,0x155555121f1a
0x155555112af9,r,1,0x7fffffffd7de
0x155555112ae8,r,1,0x15555532a878
0x155555112aed,r,8,0x15555532a880
0x155555112af6,r,1,0x155555121f47
0x155555112af9,r,1,0x7fffffffd7de
0x155555112ae8,r,1,0x15555532a8b0
0x155555112aed,r,8,0x15555532a8b8
0x155555112ae8,r,1,0x15555532a8e8
0x155555112aed,r,8,0x15555532a8f0
0x155555112ae8,r,1,0x15555532a920
0x155555112aed,r,8,0x15555532a928
0x155555112af6,r,1,0x155555121fae
0x155555112af9,r,1,0x7fffffffd7de
0x155555112ae8,r,1,0x15555532a958
0x155555112aed,r,8,0x15555532a960
0x155555112ae8,r,1,0x15555532a990
0x155555112aed,r,8,0x15555532a998
0x155555112ae8,r,1,0x15555532a9c8
0x155555112aed,r,8,0x15555532a9d0
0x155555112af6,r,1,0x155555121feb
0x155555112af9,r,1,0x7fffffffd7de
0x155555112ae8,r,1,0x15555532aa00
0x155555112aed,r,8,0x15555532aa08
0x155555112ae8,r,1,0x15555532aa38
0x155555112aed,r,8,0x15555532aa40
0x155555112ae8,r,1,0x15555532aa70
0x155555112aed,r,8,0x15555532aa78
0x155555112a31,r,8,0x7fffffffcbf0
0x155555112a3d,r,1,0x7fffffffd935
0x155555112a63,r,1,0x7fffffffd936
0x155555112a63,r,1,0x7fffffffd937
0x155555112a63,r,1,0x7fffffffd938
0x155555112a63,r,1,0x7fffffffd939
0x155555112a63,r,1,0x7fffffffd93a
0x155555112a63,r,1,0x7fffffffd93b
0x155555112a63,r,1,0x7fffffffd93c
0x155555112a63,r,1,0x7fffffffd93d
0x155555112a63,r,1,0x7fffffffd93e
0x155555112a63,r,1,0x7fffffffd93f
0x155555112a63,r,1,0x7fffffffd940
0x155555112a63,r,1,0x7fffffffd941
0x155555112a63,r,1,0x7fffffffd942
0x155555112a63,r,1,0x7fffffffd943
0x155555112a63,r,1,0x7fffffffd944
0x155555112a63,r,1,0x7fffffffd945
0x155555112a84,w,8,0x7fffffffca58
0x155555112ad3,r,4,0x15555532aab0
0x155555112ae8,r,1,0x15555532a3a8
0x155555112aed,r,8,0x15555532a3b0
0x155555112ae8,r,1,0x15555532a3e0
0x155555112aed,r,8,0x15555532a3e8
0x155555112ae8,r,1,0x15555532a418
0x155555112aed,r,8,0x15555532a420
0x155555112af6,r,1,0x155555121dc7
0x155555112af9,r,1,0x7fffffffd935
0x155555112ae8,r,1,0x15555532a450
0x155555112aed,r,8,0x15555532a458
0x155555112af6,r,1,0x155555121df3
0x155555112af9,r,1,0x7fffffffd935
0x155555112ae8,r,1,0x15555532a488
0x155555112aed,r,8,0x15555532a490
0x155555112ae8,r,1,0x15555532a4c0
0x155555112aed,r,8,0x15555532a4c8
0x155555112ae8,r,1,0x15555532a4f8
0x155555112aed,r,8,0x15555532a500
0x155555112ae8,r,1,0x15555532a530
0x155555112aed,r,8,0x15555532a538
0x155555112ae8,r,1,0x15555532a568
0x155555112aed,r,8,0x15555532a570
0x155555112ae8,r,1,0x15555532a5a0
0x155555112aed,r,8,0x15555532a5a8
0x155555112ae8,r,1,0x15555532a5d8
0x155555112aed,r,8,0x15555532a5e0
0x155555112af6,r,1,0x155555121e72
0x155555112af9,r,1,0x7fffffffd935
0x155555112ae8,r,1,0x15555532a610
0x155555112aed,r,8,0x15555532a618
0x155555112ae8,r,1,0x15555532a648
0x155555112aed,r,8,0x15555532a650
0x155555112ae8,r,1,0x15555532a680
0x155555112aed,r,8,0x15555532a688
0x155555112ae8,r,1,0x15555532a6b8
0x155555112aed,r,8,0x15555532a6c0
0x155555112af6,r,1,0x155555121eab
0x155555112af9,r,1,0x7fffffffd935
0x155555112ae8,r,1,0x15555532a6f0
0x155555112aed,r,8,0x15555532a6f8
0x155555112af6,r,1,0x155555121ecf
0x155555112af9,r,1,0x7fffffffd935
0x155555112ae8,r,1,0x15555532a728
0x155555112aed,r,8,0x15555532a730
0x155555112ae8,r,1,0x15555532a760
0x155555112aed,r,8,0x15555532a768
0x155555112ae8,r,1,0x15555532a798
0x155555112aed,r,8,0x15555532a7a0
0x155555112ae8,r,1,0x15555532a7d0
0x155555112aed,r,8,0x15555532a7d8
0x155555112ae8,r,1,0x15555532a808
0x155555112aed,r,8,0x15555532a810
0x155555112ae8,r,1,0x15555532a840
0x155555112aed,r,8,0x15555532a848
0x155555112af6,r,1,0x155555121f1a
0x155555112af9,r,1,0x7fffffffd935
0x155555112ae8,r,1,0x15555532a878
0x155555112aed,r,8,0x15555532a880
0x155555112af6,r,1,0x155555121f47
0x155555112af9,r,1,0x7fffffffd935
0x155555112ae8,r,1,0x15555532a8b0
0x155555112aed,r,8,0x15555532a8b8
0x155555112ae8,r,1,0x15555532a8e8
0x155555112aed,r,8,0x15555532a8f0
0x155555112ae8,r,1,0x15555532a920
0x155555112aed,r,8,0x15555532a928
0x155555112af6,r,1,0x155555121fae
0x155555112af9,r,1,0x7fffffffd935
0x155555112ae8,r,1,0x15555532a958
0x155555112aed,r,8,0x15555532a960
0x155555112ae8,r,1,0x15555532a990
0x155555112aed,r,8,0x15555532a998
0x155555112ae8,r,1,0x15555532a9c8
0x155555112aed,r,8,0x15555532a9d0
0x155555112af6,r,1,0x155555121feb
0x155555112af9,r,1,0x7fffffffd935
0x155555112ae8,r,1,0x15555532aa00
0x155555112aed,r,8,0x15555532aa08
0x155555112ae8,r,1,0x15555532aa38
0x155555112aed,r,8,0x15555532aa40
0x155555112ae8,r,1,0x15555532aa70
0x155555112aed,r,8,0x15555532aa78
0x155555112a31,r,8,0x7fffffffcbf8
0x155555112a3d,r,1,0x7fffffffdb47
0x155555112a63,r,1,0x7fffffffdb48
0x155555112a63,r,1,0x7fffffffdb49
0x155555112a63,r,1,0x7fffffffdb4a
0x155555112a63,r,1,0x7fffffffdb4b
0x155555112a63,r,1,0x7fffffffdb4c
0x155555112a63,r,1,0x7fffffffdb4d
0x155555112a63,r,1,0x7fffffffdb4e
0x155555112a63,r,1,0x7fffffffdb4f
0x155555112a63,r,1,0x7fffffffdb50
0x155555112a63,r,1,0x7fffffffdb51
0x155555112a63,r,1,0x7fffffffdb52
0x155555112a63,r,1,0x7fffffffdb53
0x155555112a63,r,1,0x7fffffffdb54
0x155555112a63,r,1,0x7fffffffdb55
0x155555112a84,w,8,0x7fffffffca58
0x155555112ad3,r,4,0x15555532aab0
0x155555112ae8,r,1,0x15555532a3a8
0x155555112aed,r,8,0x15555532a3b0
0x155555112ae8,r,1,0x15555532a3e0
0x155555112aed,r,8,0x15555532a3e8
0x155555112ae8,r,1,0x15555532a418
0x155555112aed,r,8,0x15555532a420
0x155555112af6,r,1,0x155555121dc7
0x155555112af9,r,1,0x7fffffffdb47
0x155555112ae8,r,1,0x15555532a450
0x155555112aed,r,8,0x15555532a458
0x155555112af6,r,1,0x155555121df3
0x155555112af9,r,1,0x7fffffffdb47
0x155555112ae8,r,1,0x15555532a488
0x155555112aed,r,8,0x15555532a490
0x155555112ae8,r,1,0x15555532a4c0
0x155555112aed,r,8,0x15555532a4c8
0x155555112ae8,r,1,0x15555532a4f8
0x155555112aed,r,8,0x15555532a500
0x155555112ae8,r,1,0x15555532a530
0x155555112aed,r,8,0x15555532a538
0x155555112ae8,r,1,0x15555532a568
0x155555112aed,r,8,0x15555532a570
0x155555112ae8,r,1,0x15555532a5a0
0x155555112aed,r,8,0x15555532a5a8
0x155555112ae8,r,1,0x15555532a5d8
0x155555112aed,r,8,0x15555532a5e0
0x155555112af6,r,1,0x155555121e72
0x155555112af9,r,1,0x7fffffffdb47
0x155555112ae8,r,1,0x15555532a610
0x155555112aed,r,8,0x15555532a618
0x155555112ae8,r,1,0x15555532a648
0x155555112aed,r,8,0x15555532a650
0x155555112ae8,r,1,0x15555532a680
0x155555112aed,r,8,0x15555532a688
0x155555112ae8,r,1,0x15555532a6b8
0x155555112aed,r,8,0x15555532a6c0
0x155555112af6,r,1,0x155555121eab
0x155555112af9,r,1,0x7fffffffdb47
0x155555112ae8,r,1,0x15555532a6f0
0x155555112aed,r,8,0x15555532a6f8
0x155555112af6,r,1,0x155555121ecf
0x155555112af9,r,1,0x7fffffffdb47
0x155555112ae8,r,1,0x15555532a728
0x155555112aed,r,8,0x15555532a730
0x155555112ae8,r,1,0x15555532a760
0x155555112aed,r,8,0x15555532a768
0x155555112ae8,r,1,0x15555532a798
0x155555112aed,r,8,0x15555532a7a0
0x155555112ae8,r,1,0x15555532a7d0
0x155555112aed,r,8,0x15555532a7d8
0x155555112ae8,r,1,0x15555532a808
0x155555112aed,r,8,0x15555532a810
0x155555112ae8,r,1,0x15555532a840
0x155555112aed,r,8,0x15555532a848
0x155555112af6,r,1,0x155555121f1a
0x155555112af9,r,1,0x7fffffffdb47
0x155555112ae8,r,1,0x15555532a878
0x155555112aed,r,8,0x15555532a880
0x155555112af6,r,1,0x155555121f47
0x155555112af9,r,1,0x7fffffffdb47
0x155555112ae8,r,1,0x15555532a8b0
0x155555112aed,r,8,0x15555532a8b8
0x155555112ae8,r,1,0x15555532a8e8
0x155555112aed,r,8,0x15555532a8f0
0x155555112ae8,r,1,0x15555532a920
0x155555112aed,r,8,0x15555532a928
0x155555112af6,r,1,0x155555121fae
0x155555112af9,r,1,0x7fffffffdb47
0x155555112ae8,r,1,0x15555532a958
0x155555112aed,r,8,0x15555532a960
0x155555112ae8,r,1,0x15555532a990
0x155555112aed,r,8,0x15555532a998
0x155555112ae8,r,1,0x15555532a9c8
0x155555112aed,r,8,0x15555532a9d0
0x155555112af6,r,1,0x155555121feb
0x155555112af9,r,1,0x7fffffffdb47
0x155555112ae8,r,1,0x15555532aa00
0x155555112aed,r,8,0x15555532aa08
0x155555112ae8,r,1,0x15555532aa38
0x155555112aed,r,8,0x15555532aa40
0x155555112ae8,r,1,0x15555532aa70
0x155555112aed,r,8,0x15555532aa78
0x155555112a31,r,8,0x7fffffffcc00
0x155555112a3d,r,1,0x7fffffffdb77
0x155555112a63,r,1,0x7fffffffdb78
0x155555112a63,r,1,0x7fffffffdb79
0x155555112a63,r,1,0x7fffffffdb7a
0x155555112a63,r,1,0x7fffffffdb7b
0x155555112a84,w,8,0x7fffffffca58
0x155555112ad3,r,4,0x15555532aab0
0x155555112ae8,r,1,0x15555532a3a8
0x155555112aed,r,8,0x15555532a3b0
0x155555112ae8,r,1,0x15555532a3e0
0x155555112aed,r,8,0x15555532a3e8
0x155555112ae8,r,1,0x15555532a418
0x155555112aed,r,8,0x15555532a420
0x155555112af6,r,1,0x155555121dc7
0x155555112af9,r,1,0x7fffffffdb77
0x155555112ae8,r,1,0x15555532a450
0x155555112aed,r,8,0x15555532a458
0x155555112af6,r,1,0x155555121df3
0x155555112af9,r,1,0x7fffffffdb77
0x155555112ae8,r,1,0x15555532a488
0x155555112aed,r,8,0x15555532a490
0x155555112ae8,r,1,0x15555532a4c0
0x155555112aed,r,8,0x15555532a4c8
0x155555112ae8,r,1,0x15555532a4f8
0x155555112aed,r,8,0x15555532a500
0x155555112ae8,r,1,0x15555532a530
0x155555112aed,r,8,0x15555532a538
0x155555112ae8,r,1,0x15555532a568
0x155555112aed,r,8,0x15555532a570
0x155555112ae8,r,1,0x15555532a5a0
0x155555112aed,r,8,0x15555532a5a8
0x155555112ae8,r,1,0x15555532a5d8
0x155555112aed,r,8,0x15555532a5e0
0x155555112af6,r,1,0x155555121e72
0x155555112af9,r,1,0x7fffffffdb77
0x155555112ae8,r,1,0x15555532a610
0x155555112aed,r,8,0x15555532a618
0x155555112ae8,r,1,0x15555532a648
0x155555112aed,r,8,0x15555532a650
0x155555112ae8,r,1,0x15555532a680
0x155555112aed,r,8,0x15555532a688
0x155555112ae8,r,1,0x15555532a6b8
0x155555112aed,r,8,0x15555532a6c0
0x155555112af6,r,1,0x155555121eab
0x155555112af9,r,1,0x7fffffffdb77
0x155555112b1c,r,1,0x155555121eac
0x155555112b20,r,1,0x7fffffffdb78
0x155555112ae8,r,1,0x15555532a6f0
0x155555112aed,r,8,0x15555532a6f8
0x155555112af6,r,1,0x155555121ecf
0x155555112af9,r,1,0x7fffffffdb77
0x155555112ae8,r,1,0x15555532a728
0x155555112aed,r,8,0x15555532a730
0x155555112ae8,r,1,0x15555532a760
0x155555112aed,r,8,0x15555532a768
0x155555112ae8,r,1,0x15555532a798
0x155555112aed,r,8,0x15555532a7a0
0x155555112ae8,r,1,0x15555532a7d0
0x155555112aed,r,8,0x15555532a7d8
0x155555112ae8,r,1,0x15555532a808
0x155555112aed,r,8,0x15555532a810
0x155555112ae8,r,1,0x15555532a840
0x155555112aed,r,8,0x15555532a848
0x155555112af6,r,1,0x155555121f1a
0x155555112af9,r,1,0x7fffffffdb77
0x155555112ae8,r,1,0x15555532a878
0x155555112aed,r,8,0x15555532a880
0x155555112af6,r,1,0x155555121f47
0x155555112af9,r,1,0x7fffffffdb77
0x155555112ae8,r,1,0x15555532a8b0
0x155555112aed,r,8,0x15555532a8b8
0x155555112ae8,r,1,0x15555532a8e8
0x155555112aed,r,8,0x15555532a8f0
0x155555112ae8,r,1,0x15555532a920
0x155555112aed,r,8,0x15555532a928
0x155555112af6,r,1,0x155555121fae
0x155555112af9,r,1,0x7fffffffdb77
0x155555112ae8,r,1,0x15555532a958
0x155555112aed,r,8,0x15555532a960
0x155555112ae8,r,1,0x15555532a990
0x155555112aed,r,8,0x15555532a998
0x155555112ae8,r,1,0x15555532a9c8
0x155555112aed,r,8,0x15555532a9d0
0x155555112af6,r,1,0x155555121feb
0x155555112af9,r,1,0x7fffffffdb77
0x155555112ae8,r,1,0x15555532aa00
0x155555112aed,r,8,0x15555532aa08
0x155555112ae8,r,1,0x15555532aa38
0x155555112aed,r,8,0x15555532aa40
0x155555112ae8,r,1,0x15555532aa70
0x155555112aed,r,8,0x15555532aa78
0x155555112a31,r,8,0x7fffffffcc08
0x155555112a3d,r,1,0x7fffffffdb84
0x155555112a63,r,1,0x7fffffffdb85
0x155555112a63,r,1,0x7fffffffdb86
0x155555112a63,r,1,0x7fffffffdb87
0x155555112a63,r,1,0x7fffffffdb88
0x155555112a63,r,1,0x7fffffffdb89
0x155555112a63,r,1,0x7fffffffdb8a
0x155555112a63,r,1,0x7fffffffdb8b
0x155555112a63,r,1,0x7fffffffdb8c
0x155555112a63,r,1,0x7fffffffdb8d
0x155555112a63,r,1,0x7fffffffdb8e
0x155555112a63,r,1,0x7fffffffdb8f
0x155555112a84,w,8,0x7fffffffca58
0x155555112ad3,r,4,0x15555532aab0
0x155555112ae8,r,1,0x15555532a3a8
0x155555112aed,r,8,0x15555532a3b0
0x155555112ae8,r,1,0x15555532a3e0
0x155555112aed,r,8,0x15555532a3e8
0x155555112ae8,r,1,0x15555532a418
0x155555112aed,r,8,0x15555532a420
0x155555112af6,r,1,0x155555121dc7
0x155555112af9,r,1,0x7fffffffdb84
0x155555112ae8,r,1,0x15555532a450
0x155555112aed,r,8,0x15555532a458
0x155555112af6,r,1,0x155555121df3
0x155555112af9,r,1,0x7fffffffdb84
0x155555112ae8,r,1,0x15555532a488
0x155555112aed,r,8,0x15555532a490
0x155555112ae8,r,1,0x15555532a4c0
0x155555112aed,r,8,0x15555532a4c8
0x155555112ae8,r,1,0x15555532a4f8
0x155555112aed,r,8,0x15555532a500
0x155555112ae8,r,1,0x15555532a530
0x155555112aed,r,8,0x15555532a538
0x155555112ae8,r,1,0x15555532a568
0x155555112aed,r,8,0x15555532a570
0x155555112ae8,r,1,0x15555532a5a0
0x155555112aed,r,8,0x15555532a5a8
0x155555112ae8,r,1,0x15555532a5d8
0x155555112aed,r,8,0x15555532a5e0
0x155555112af6,r,1,0x155555121e72
0x155555112af9,r,1,0x7fffffffdb84
0x155555112ae8,r,1,0x15555532a610
0x155555112aed,r,8,0x15555532a618
0x155555112ae8,r,1,0x15555532a648
0x155555112aed,r,8,0x15555532a650
0x155555112ae8,r,1,0x15555532a680
0x155555112aed,r,8,0x15555532a688
0x155555112ae8,r,1,0x15555532a6b8
0x155555112aed,r,8,0x15555532a6c0
0x155555112af6,r,1,0x155555121eab
0x155555112af9,r,1,0x7fffffffdb84
0x155555112ae8,r,1,0x15555532a6f0
0x155555112aed,r,8,0x15555532a6f8
0x155555112af6,r,1,0x155555121ecf
0x155555112af9,r,1,0x7fffffffdb84
0x155555112ae8,r,1,0x15555532a728
0x155555112aed,r,8,0x15555532a730
0x155555112ae8,r,1,0x15555532a760
0x155555112aed,r,8,0x15555532a768
0x155555112ae8,r,1,0x15555532a798
0x155555112aed,r,8,0x15555532a7a0
0x155555112ae8,r,1,0x15555532a7d0
0x155555112aed,r,8,0x15555532a7d8
0x155555112ae8,r,1,0x15555532a808
0x155555112aed,r,8,0x15555532a810
0x155555112ae8,r,1,0x15555532a840
0x155555112aed,r,8,0x15555532a848
0x155555112af6,r,1,0x155555121f1a
0x155555112af9,r,1,0x7fffffffdb84
0x155555112ae8,r,1,0x15555532a878
0x155555112aed,r,8,0x15555532a880
0x155555112af6,r,1,0x155555121f47
0x155555112af9,r,1,0x7fffffffdb84
0x155555112ae8,r,1,0x15555532a8b0
0x155555112aed,r,8,0x15555532a8b8
0x155555112ae8,r,1,0x15555532a8e8
0x155555112aed,r,8,0x15555532a8f0
0x155555112ae8,r,1,0x15555532a920
0x155555112aed,r,8,0x15555532a928
0x155555112af6,r,1,0x155555121fae
0x155555112af9,r,1,0x7fffffffdb84
0x155555112ae8,r,1,0x15555532a958
0x155555112aed,r,8,0x15555532a960
0x155555112ae8,r,1,0x15555532a990
0x155555112aed,r,8,0x15555532a998
0x155555112ae8,r,1,0x15555532a9c8
0x155555112aed,r,8,0x15555532a9d0
0x155555112af6,r,1,0x155555121feb
0x155555112af9,r,1,0x7fffffffdb84
0x155555112ae8,r,1,0x15555532aa00
0x155555112aed,r,8,0x15555532aa08
0x155555112ae8,r,1,0x15555532aa38
0x155555112aed,r,8,0x15555532aa40
0x155555112ae8,r,1,0x15555532aa70
0x155555112aed,r,8,0x15555532aa78
0x155555112a31,r,8,0x7fffffffcc10
0x155555112a3d,r,1,0x7fffffffdb9b
0x155555112a63,r,1,0x7fffffffdb9c
0x155555112a63,r,1,0x7fffffffdb9d
0x155555112a63,r,1,0x7fffffffdb9e
0x155555112a63,r,1,0x7fffffffdb9f
0x155555112a63,r,1,0x7fffffffdba0
0x155555112a63,r,1,0x7fffffffdba1
0x155555112a63,r,1,0x7fffffffdba2
0x155555112a63,r,1,0x7fffffffdba3
0x155555112a84,w,8,0x7fffffffca58
0x155555112ad3,r,4,0x15555532aab0
0x155555112ae8,r,1,0x15555532a3a8
0x155555112aed,r,8,0x15555532a3b0
0x155555112ae8,r,1,0x15555532a3e0
0x155555112aed,r,8,0x15555532a3e8
0x155555112ae8,r,1,0x15555532a418
0x155555112aed,r,8,0x15555532a420
0x155555112af6,r,1,0x155555121dc7
0x155555112af9,r,1,0x7fffffffdb9b
0x155555112ae8,r,1,0x15555532a450
0x155555112aed,r,8,0x15555532a458
0x155555112af6,r,1,0x155555121df3
0x155555112af9,r,1,0x7fffffffdb9b
0x155555112ae8,r,1,0x15555532a488
0x155555112aed,r,8,0x15555532a490
0x155555112ae8,r,1,0x15555532a4c0
0x155555112aed,r,8,0x15555532a4c8
0x155555112ae8,r,1,0x15555532a4f8
0x155555112aed,r,8,0x15555532a500
0x155555112ae8,r,1,0x15555532a530
0x155555112aed,r,8,0x15555532a538
0x155555112ae8,r,1,0x15555532a568
0x155555112aed,r,8,0x15555532a570
0x155555112ae8,r,1,0x15555532a5a0
0x155555112aed,r,8,0x15555532a5a8
0x155555112ae8,r,1,0x15555532a5d8
0x155555112aed,r,8,0x15555532a5e0
0x155555112af6,r,1,0x155555121e72
0x155555112af9,r,1,0x7fffffffdb9b
0x155555112ae8,r,1,0x15555532a610
0x155555112aed,r,8,0x15555532a618
0x155555112ae8,r,1,0x15555532a648
0x155555112aed,r,8,0x15555532a650
0x155555112ae8,r,1,0x15555532a680
0x155555112aed,r,8,0x15555532a688
0x155555112ae8,r,1,0x15555532a6b8
0x155555112aed,r,8,0x15555532a6c0
0x155555112af6,r,1,0x155555121eab
0x155555112af9,r,1,0x7fffffffdb9b
0x155555112ae8,r,1,0x15555532a6f0
0x155555112aed,r,8,0x15555532a6f8
0x155555112af6,r,1,0x155555121ecf
0x155555112af9,r,1,0x7fffffffdb9b
0x155555112ae8,r,1,0x15555532a728
0x155555112aed,r,8,0x15555532a730
0x155555112ae8,r,1,0x15555532a760
0x155555112aed,r,8,0x15555532a768
0x155555112ae8,r,1,0x15555532a798
0x155555112aed,r,8,0x15555532a7a0
0x155555112ae8,r,1,0x15555532a7d0
0x155555112aed,r,8,0x15555532a7d8
0x155555112ae8,r,1,0x15555532a808
0x155555112aed,r,8,0x15555532a810
0x155555112ae8,r,1,0x15555532a840
0x155555112aed,r,8,0x15555532a848
0x155555112af6,r,1,0x155555121f1a
0x155555112af9,r,1,0x7fffffffdb9b
0x155555112ae8,r,1,0x15555532a878
0x155555112aed,r,8,0x15555532a880
0x155555112af6,r,1,0x155555121f47
0x155555112af9,r,1,0x7fffffffdb9b
0x155555112ae8,r,1,0x15555532a8b0
0x155555112aed,r,8,0x15555532a8b8
0x155555112ae8,r,1,0x15555532a8e8
0x155555112aed,r,8,0x15555532a8f0
0x155555112ae8,r,1,0x15555532a920
0x155555112aed,r,8,0x15555532a928
0x155555112af6,r,1,0x155555121fae
0x155555112af9,r,1,0x7fffffffdb9b
0x155555112ae8,r,1,0x15555532a958
0x155555112aed,r,8,0x15555532a960
0x155555112ae8,r,1,0x15555532a990
0x155555112aed,r,8,0x15555532a998
0x155555112ae8,r,1,0x15555532a9c8
0x155555112aed,r,8,0x15555532a9d0
0x155555112af6,r,1,0x155555121feb
0x155555112af9,r,1,0x7fffffffdb9b
0x155555112ae8,r,1,0x15555532aa00
0x155555112aed,r,8,0x15555532aa08
0x155555112ae8,r,1,0x15555532aa38
0x155555112aed,r,8,0x15555532aa40
0x155555112ae8,r,1,0x15555532aa70
0x155555112aed,r,8,0x15555532aa78
0x155555112a31,r,8,0x7fffffffcc18
0x155555112a3d,r,1,0x7fffffffdbaf
0x155555112a63,r,1,0x7fffffffdbb0
0x155555112a63,r,1,0x7fffffffdbb1
0x155555112a63,r,1,0x7fffffffdbb2
0x155555112a63,r,1,0x7fffffffdbb3
0x155555112a63,r,1,0x7fffffffdbb4
0x155555112a63,r,1,0x7fffffffdbb5
0x155555112a63,r,1,0x7fffffffdbb6
0x155555112a63,r,1,0x7fffffffdbb7
0x155555112a63,r,1,0x7fffffffdbb8
0x155555112a63,r,1,0x7fffffffdbb9
0x155555112a63,r,1,0x7fffffffdbba
0x155555112a63,r,1,0x7fffffffdbbb
0x155555112a63,r,1,0x7fffffffdbbc
0x155555112a63,r,1,0x7fffffffdbbd
0x155555112a63,r,1,0x7fffffffdbbe
0x155555112a63,r,1,0x7fffffffdbbf
0x155555112a63,r,1,0x7fffffffdbc0
0x155555112a63,r,1,0x7fffffffdbc1
0x155555112a63,r,1,0x7fffffffdbc2
0x155555112a63,r,1,0x7fffffffdbc3
0x155555112a63,r,1,0x7fffffffdbc4
0x155555112a63,r,1,0x7fffffffdbc5
0x155555112a63,r,1,0x7fffffffdbc6
0x155555112a63,r,1,0x7fffffffdbc7
0x155555112a63,r,1,0x7fffffffdbc8
0x155555112a63,r,1,0x7fffffffdbc9
0x155555112a63,r,1,0x7fffffffdbca
0x155555112a84,w,8,0x7fffffffca58
0x155555112ad3,r,4,0x15555532aab0
0x155555112ae8,r,1,0x15555532a3a8
0x155555112aed,r,8,0x15555532a3b0
0x155555112ae8,r,1,0x15555532a3e0
0x155555112aed,r,8,0x15555532a3e8
0x155555112ae8,r,1,0x15555532a418
0x155555112aed,r,8,0x15555532a420
0x155555112af6,r,1,0x155555121dc7
0x155555112af9,r,1,0x7fffffffdbaf
0x155555112ae8,r,1,0x15555532a450
0x155555112aed,r,8,0x15555532a458
0x155555112af6,r,1,0x155555121df3
0x155555112af9,r,1,0x7fffffffdbaf
0x155555112ae8,r,1,0x15555532a488
0x155555112aed,r,8,0x15555532a490
0x155555112ae8,r,1,0x15555532a4c0
0x155555112aed,r,8,0x15555532a4c8
0x155555112ae8,r,1,0x15555532a4f8
0x155555112aed,r,8,0x15555532a500
0x155555112ae8,r,1,0x15555532a530
0x155555112aed,r,8,0x15555532a538
0x155555112ae8,r,1,0x15555532a568
0x155555112aed,r,8,0x15555532a570
0x155555112ae8,r,1,0x15555532a5a0
0x155555112aed,r,8,0x15555532a5a8
0x155555112ae8,r,1,0x15555532a5d8
0x155555112aed,r,8,0x15555532a5e0
0x155555112af6,r,1,0x155555121e72
0x155555112af9,r,1,0x7fffffffdbaf
0x155555112ae8,r,1,0x15555532a610
0x155555112aed,r,8,0x15555532a618
0x155555112ae8,r,1,0x15555532a648
0x155555112aed,r,8,0x15555532a650
0x155555112ae8,r,1,0x15555532a680
0x155555112aed,r,8,0x15555532a688
0x155555112ae8,r,1,0x15555532a6b8
0x155555112aed,r,8,0x15555532a6c0
0x155555112af6,r,1,0x155555121eab
0x155555112af9,r,1,0x7fffffffdbaf
0x155555112b1c,r,1,0x155555121eac
0x155555112b20,r,1,0x7fffffffdbb0
0x155555112ae8,r,1,0x15555532a6f0
0x155555112aed,r,8,0x15555532a6f8
0x155555112af6,r,1,0x155555121ecf
0x155555112af9,r,1,0x7fffffffdbaf
0x155555112ae8,r,1,0x15555532a728
0x155555112aed,r,8,0x15555532a730
0x155555112ae8,r,1,0x15555532a760
0x155555112aed,r,8,0x15555532a768
0x155555112ae8,r,1,0x15555532a798
0x155555112aed,r,8,0x15555532a7a0
0x155555112ae8,r,1,0x15555532a7d0
0x155555112aed,r,8,0x15555532a7d8
0x155555112ae8,r,1,0x15555532a808
0x155555112aed,r,8,0x15555532a810
0x155555112ae8,r,1,0x15555532a840
0x155555112aed,r,8,0x15555532a848
0x155555112af6,r,1,0x155555121f1a
0x155555112af9,r,1,0x7fffffffdbaf
0x155555112ae8,r,1,0x15555532a878
0x155555112aed,r,8,0x15555532a880
0x155555112af6,r,1,0x155555121f47
0x155555112af9,r,1,0x7fffffffdbaf
0x155555112ae8,r,1,0x15555532a8b0
0x155555112aed,r,8,0x15555532a8b8
0x155555112ae8,r,1,0x15555532a8e8
0x155555112aed,r,8,0x15555532a8f0
0x155555112ae8,r,1,0x15555532a920
0x155555112aed,r,8,0x15555532a928
0x155555112af6,r,1,0x155555121fae
0x155555112af9,r,1,0x7fffffffdbaf
0x155555112ae8,r,1,0x15555532a958
0x155555112aed,r,8,0x15555532a960
0x155555112ae8,r,1,0x15555532a990
0x155555112aed,r,8,0x15555532a998
0x155555112ae8,r,1,0x15555532a9c8
0x155555112aed,r,8,0x15555532a9d0
0x155555112af6,r,1,0x155555121feb
0x155555112af9,r,1,0x7fffffffdbaf
0x155555112ae8,r,1,0x15555532aa00
0x155555112aed,r,8,0x15555532aa08
0x155555112ae8,r,1,0x15555532aa38
0x155555112aed,r,8,0x15555532aa40
0x155555112ae8,r,1,0x15555532aa70
0x155555112aed,r,8,0x15555532aa78
0x155555112a31,r,8,0x7fffffffcc20
0x155555112a3d,r,1,0x7fffffffdbda
0x155555112a63,r,1,0x7fffffffdbdb
0x155555112a63,r,1,0x7fffffffdbdc
0x155555112a63,r,1,0x7fffffffdbdd
0x155555112a63,r,1,0x7fffffffdbde
0x155555112a63,r,1,0x7fffffffdbdf
0x155555112a63,r,1,0x7fffffffdbe0
0x155555112a84,w,8,0x7fffffffca58
0x155555112ad3,r,4,0x15555532aab0
0x155555112ae8,r,1,0x15555532a3a8
0x155555112aed,r,8,0x15555532a3b0
0x155555112ae8,r,1,0x15555532a3e0
0x155555112aed,r,8,0x15555532a3e8
0x155555112ae8,r,1,0x15555532a418
0x155555112aed,r,8,0x15555532a420
0x155555112af6,r,1,0x155555121dc7
0x155555112af9,r,1,0x7fffffffdbda
0x155555112ae8,r,1,0x15555532a450
0x155555112aed,r,8,0x15555532a458
0x155555112af6,r,1,0x155555121df3
0x155555112af9,r,1,0x7fffffffdbda
0x155555112ae8,r,1,0x15555532a488
0x155555112aed,r,8,0x15555532a490
0x155555112ae8,r,1,0x15555532a4c0
0x155555112aed,r,8,0x15555532a4c8
0x155555112ae8,r,1,0x15555532a4f8
0x155555112aed,r,8,0x15555532a500
0x155555112ae8,r,1,0x15555532a530
0x155555112aed,r,8,0x15555532a538
0x155555112ae8,r,1,0x15555532a568
0x155555112aed,r,8,0x15555532a570
0x155555112ae8,r,1,0x15555532a5a0
0x155555112aed,r,8,0x15555532a5a8
0x155555112ae8,r,1,0x15555532a5d8
0x155555112aed,r,8,0x15555532a5e0
0x155555112af6,r,1,0x155555121e72
0x155555112af9,r,1,0x7fffffffdbda
0x155555112ae8,r,1,0x15555532a610
0x155555112aed,r,8,0x15555532a618
0x155555112ae8,r,1,0x15555532a648
0x155555112aed,r,8,0x15555532a650
0x155555112ae8,r,1,0x15555532a680
0x155555112aed,r,8,0x15555532a688
0x155555112ae8,r,1,0x15555532a6b8
0x155555112aed,r,8,0x15555532a6c0
0x155555112af6,r,1,0x155555121eab
0x155555112af9,r,1,0x7fffffffdbda
0x155555112ae8,r,1,0x15555532a6f0
0x155555112aed,r,8,0x15555532a6f8
0x155555112af6,r,1,0x155555121ecf
0x155555112af9,r,1,0x7fffffffdbda
0x155555112ae8,r,1,0x15555532a728
0x155555112aed,r,8,0x15555532a730
0x155555112ae8,r,1,0x15555532a760
0x155555112aed,r,8,0x15555532a768
0x155555112ae8,r,1,0x15555532a798
0x155555112aed,r,8,0x15555532a7a0
0x155555112ae8,r,1,0x15555532a7d0
0x155555112aed,r,8,0x15555532a7d8
0x155555112ae8,r,1,0x15555532a808
0x155555112aed,r,8,0x15555532a810
0x155555112ae8,r,1,0x15555532a840
0x155555112aed,r,8,0x15555532a848
0x155555112af6,r,1,0x155555121f1a
0x155555112af9,r,1,0x7fffffffdbda
0x155555112ae8,r,1,0x15555532a878
0x155555112aed,r,8,0x15555532a880
0x155555112af6,r,1,0x155555121f47
0x155555112af9,r,1,0x7fffffffdbda
0x155555112ae8,r,1,0x15555532a8b0
0x155555112aed,r,8,0x15555532a8b8
0x155555112ae8,r,1,0x15555532a8e8
0x155555112aed,r,8,0x15555532a8f0
0x155555112ae8,r,1,0x15555532a920
0x155555112aed,r,8,0x15555532a928
0x155555112af6,r,1,0x155555121fae
0x155555112af9,r,1,0x7fffffffdbda
0x155555112ae8,r,1,0x15555532a958
0x155555112aed,r,8,0x15555532a960
0x155555112ae8,r,1,0x15555532a990
0x155555112aed,r,8,0x15555532a998
0x155555112ae8,r,1,0x15555532a9c8
0x155555112aed,r,8,0x15555532a9d0
0x155555112af6,r,1,0x155555121feb
0x155555112af9,r,1,0x7fffffffdbda
0x155555112ae8,r,1,0x15555532aa00
0x155555112aed,r,8,0x15555532aa08
0x155555112ae8,r,1,0x15555532aa38
0x155555112aed,r,8,0x15555532aa40
0x155555112ae8,r,1,0x15555532aa70
0x155555112aed,r,8,0x15555532aa78
0x155555112a31,r,8,0x7fffffffcc28
0x155555112a3d,r,1,0x7fffffffdbfd
0x155555112a63,r,1,0x7fffffffdbfe
0x155555112a63,r,1,0x7fffffffdbff
0x155555112a63,r,1,0x7fffffffdc00
0x155555112a63,r,1,0x7fffffffdc01
0x155555112a63,r,1,0x7fffffffdc02
0x155555112a63,r,1,0x7fffffffdc03
0x155555112a63,r,1,0x7fffffffdc04
0x155555112a63,r,1,0x7fffffffdc05
0x155555112a63,r,1,0x7fffffffdc06
0x155555112a63,r,1,0x7fffffffdc07
0x155555112a63,r,1,0x7fffffffdc08
0x155555112a63,r,1,0x7fffffffdc09
0x155555112a63,r,1,0x7fffffffdc0a
0x155555112a63,r,1,0x7fffffffdc0b
0x155555112a63,r,1,0x7fffffffdc0c
0x155555112a63,r,1,0x7fffffffdc0d
0x155555112a63,r,1,0x7fffffffdc0e
0x155555112a63,r,1,0x7fffffffdc0f
0x155555112a63,r,1,0x7fffffffdc10
0x155555112a63,r,1,0x7fffffffdc11
0x155555112a63,r,1,0x7fffffffdc12
0x155555112a63,r,1,0x7fffffffdc13
0x155555112a63,r,1,0x7fffffffdc14
0x155555112a63,r,1,0x7fffffffdc15
0x155555112a63,r,1,0x7fffffffdc16
0x155555112a63,r,1,0x7fffffffdc17
0x155555112a84,w,8,0x7fffffffca58
0x155555112ad3,r,4,0x15555532aab0
0x155555112ae8,r,1,0x15555532a3a8
0x155555112aed,r,8,0x15555532a3b0
0x155555112ae8,r,1,0x15555532a3e0
0x155555112aed,r,8,0x15555532a3e8
0x155555112ae8,r,1,0x15555532a418
0x155555112aed,r,8,0x15555532a420
0x155555112af6,r,1,0x155555121dc7
0x155555112af9,r,1,0x7fffffffdbfd
0x155555112ae8,r,1,0x15555532a450
0x155555112aed,r,8,0x15555532a458
0x155555112af6,r,1,0x155555121df3
0x155555112af9,r,1,0x7fffffffdbfd
0x155555112ae8,r,1,0x15555532a488
0x155555112aed,r,8,0x15555532a490
0x155555112ae8,r,1,0x15555532a4c0
0x155555112aed,r,8,0x15555532a4c8
0x155555112ae8,r,1,0x15555532a4f8
0x155555112aed,r,8,0x15555532a500
0x155555112ae8,r,1,0x15555532a530
0x155555112aed,r,8,0x15555532a538
0x155555112ae8,r,1,0x15555532a568
0x155555112aed,r,8,0x15555532a570
0x155555112ae8,r,1,0x15555532a5a0
0x155555112aed,r,8,0x15555532a5a8
0x155555112ae8,r,1,0x15555532a5d8
0x155555112aed,r,8,0x15555532a5e0
0x155555112af6,r,1,0x155555121e72
0x155555112af9,r,1,0x7fffffffdbfd
0x155555112ae8,r,1,0x15555532a610
0x155555112aed,r,8,0x15555532a618
0x155555112ae8,r,1,0x15555532a648
0x155555112aed,r,8,0x15555532a650
0x155555112ae8,r,1,0x15555532a680
0x155555112aed,r,8,0x15555532a688
0x155555112ae8,r,1,0x15555532a6b8
0x155555112aed,r,8,0x15555532a6c0
0x155555112af6,r,1,0x155555121eab
0x155555112af9,r,1,0x7fffffffdbfd
0x155555112ae8,r,1,0x15555532a6f0
0x155555112aed,r,8,0x15555532a6f8
0x155555112af6,r,1,0x155555121ecf
0x155555112af9,r,1,0x7fffffffdbfd
0x155555112ae8,r,1,0x15555532a728
0x155555112aed,r,8,0x15555532a730
0x155555112ae8,r,1,0x15555532a760
0x155555112aed,r,8,0x15555532a768
0x155555112ae8,r,1,0x15555532a798
0x155555112aed,r,8,0x15555532a7a0
0x155555112ae8,r,1,0x15555532a7d0
0x155555112aed,r,8,0x15555532a7d8
0x155555112ae8,r,1,0x15555532a808
0x155555112aed,r,8,0x15555532a810
0x155555112ae8,r,1,0x15555532a840
0x155555112aed,r,8,0x15555532a848
0x155555112af6,r,1,0x155555121f1a
0x155555112af9,r,1,0x7fffffffdbfd
0x155555112ae8,r,1,0x15555532a878
0x155555112aed,r,8,0x15555532a880
0x155555112af6,r,1,0x155555121f47
0x155555112af9,r,1,0x7fffffffdbfd
0x155555112ae8,r,1,0x15555532a8b0
0x155555112aed,r,8,0x15555532a8b8
0x155555112ae8,r,1,0x15555532a8e8
0x155555112aed,r,8,0x15555532a8f0
0x155555112ae8,r,1,0x15555532a920
0x155555112aed,r,8,0x15555532a928
0x155555112af6,r,1,0x155555121fae
0x155555112af9,r,1,0x7fffffffdbfd
0x155555112ae8,r,1,0x15555532a958
0x155555112aed,r,8,0x15555532a960
0x155555112ae8,r,1,0x15555532a990
0x155555112aed,r,8,0x15555532a998
0x155555112ae8,r,1,0x15555532a9c8
0x155555112aed,r,8,0x15555532a9d0
0x155555112af6,r,1,0x155555121feb
0x155555112af9,r,1,0x7fffffffdbfd
0x155555112ae8,r,1,0x15555532aa00
0x155555112aed,r,8,0x15555532aa08
0x155555112ae8,r,1,0x15555532aa38
0x155555112aed,r,8,0x15555532aa40
0x155555112ae8,r,1,0x15555532aa70
0x155555112aed,r,8,0x15555532aa78
0x155555112a31,r,8,0x7fffffffcc30
0x155555112a3d,r,1,0x7fffffffdcb2
0x155555112a63,r,1,0x7fffffffdcb3
0x155555112a63,r,1,0x7fffffffdcb4
0x155555112a63,r,1,0x7fffffffdcb5
0x155555112a63,r,1,0x7fffffffdcb6
0x155555112a63,r,1,0x7fffffffdcb7
0x155555112a63,r,1,0x7fffffffdcb8
0x155555112a63,r,1,0x7fffffffdcb9
0x155555112a63,r,1,0x7fffffffdcba
0x155555112a63,r,1,0x7fffffffdcbb
0x155555112a63,r,1,0x7fffffffdcbc
0x155555112a63,r,1,0x7fffffffdcbd
0x155555112a63,r,1,0x7fffffffdcbe
0x155555112a63,r,1,0x7fffffffdcbf
0x155555112a63,r,1,0x7fffffffdcc0
0x155555112a63,r,1,0x7fffffffdcc1
0x155555112a63,r,1,0x7fffffffdcc2
0x155555112a84,w,8,0x7fffffffca58
0x155555112ad3,r,4,0x15555532aab0
0x155555112ae8,r,1,0x15555532a3a8
0x155555112aed,r,8,0x15555532a3b0
0x155555112ae8,r,1,0x15555532a3e0
0x155555112aed,r,8,0x15555532a3e8
0x155555112ae8,r,1,0x15555532a418
0x155555112aed,r,8,0x15555532a420
0x155555112af6,r,1,0x155555121dc7
0x155555112af9,r,1,0x7fffffffdcb2
0x155555112ae8,r,1,0x15555532a450
0x155555112aed,r,8,0x15555532a458
0x155555112af6,r,1,0x155555121df3
0x155555112af9,r,1,0x7fffffffdcb2
0x155555112ae8,r,1,0x15555532a488
0x155555112aed,r,8,0x15555532a490
0x155555112ae8,r,1,0x15555532a4c0
0x155555112aed,r,8,0x15555532a4c8
0x155555112ae8,r,1,0x15555532a4f8
0x155555112aed,r,8,0x15555532a500
0x155555112ae8,r,1,0x15555532a530
0x155555112aed,r,8,0x15555532a538
0x155555112ae8,r,1,0x15555532a568
0x155555112aed,r,8,0x15555532a570
0x155555112ae8,r,1,0x15555532a5a0
0x155555112aed,r,8,0x15555532a5a8
0x155555112ae8,r,1,0x15555532a5d8
0x155555112aed,r,8,0x15555532a5e0
0x155555112af6,r,1,0x155555121e72
0x155555112af9,r,1,0x7fffffffdcb2
0x155555112ae8,r,1,0x15555532a610
0x155555112aed,r,8,0x15555532a618
0x155555112ae8,r,1,0x15555532a648
0x155555112aed,r,8,0x15555532a650
0x155555112ae8,r,1,0x15555532a680
0x155555112aed,r,8,0x15555532a688
0x155555112ae8,r,1,0x15555532a6b8
0x155555112aed,r,8,0x15555532a6c0
0x155555112af6,r,1,0x155555121eab
0x155555112af9,r,1,0x7fffffffdcb2
0x155555112ae8,r,1,0x15555532a6f0
0x155555112aed,r,8,0x15555532a6f8
0x155555112af6,r,1,0x155555121ecf
0x155555112af9,r,1,0x7fffffffdcb2
0x155555112ae8,r,1,0x15555532a728
0x155555112aed,r,8,0x15555532a730
0x155555112ae8,r,1,0x15555532a760
0x155555112aed,r,8,0x15555532a768
0x155555112ae8,r,1,0x15555532a798
0x155555112aed,r,8,0x15555532a7a0
0x155555112ae8,r,1,0x15555532a7d0
0x155555112aed,r,8,0x15555532a7d8
0x155555112ae8,r,1,0x15555532a808
0x155555112aed,r,8,0x15555532a810
0x155555112ae8,r,1,0x15555532a840
0x155555112aed,r,8,0x15555532a848
0x155555112af6,r,1,0x155555121f1a
0x155555112af9,r,1,0x7fffffffdcb2
0x155555112ae8,r,1,0x15555532a878
0x155555112aed,r,8,0x15555532a880
0x155555112af6,r,1,0x155555121f47
0x155555112af9,r,1,0x7fffffffdcb2
0x155555112ae8,r,1,0x15555532a8b0
0x155555112aed,r,8,0x15555532a8b8
0x155555112ae8,r,1,0x15555532a8e8
0x155555112aed,r,8,0x15555532a8f0
0x155555112ae8,r,1,0x15555532a920
0x155555112aed,r,8,0x15555532a928
0x155555112af6,r,1,0x155555121fae
0x155555112af9,r,1,0x7fffffffdcb2
0x155555112ae8,r,1,0x15555532a958
0x155555112aed,r,8,0x15555532a960
0x155555112ae8,r,1,0x15555532a990
0x155555112aed,r,8,0x15555532a998
0x155555112ae8,r,1,0x15555532a9c8
0x155555112aed,r,8,0x15555532a9d0
0x155555112af6,r,1,0x155555121feb
0x155555112af9,r,1,0x7fffffffdcb2
0x155555112ae8,r,1,0x15555532aa00
0x155555112aed,r,8,0x15555532aa08
0x155555112ae8,r,1,0x15555532aa38
0x155555112aed,r,8,0x15555532aa40
0x155555112ae8,r,1,0x15555532aa70
0x155555112aed,r,8,0x15555532aa78
0x155555112a31,r,8,0x7fffffffcc38
0x155555112a3d,r,1,0x7fffffffdcc5
0x155555112a63,r,1,0x7fffffffdcc6